1900, 1,17,17,99
1900, 2, 3, 0,99
1900, 3,16, 4,99
1900, 3,18, 1,99
1900, 3,21, 2,99
1900, 3,24, 3,99
1900, 4,17, 5,99
1900, 5, 2, 6,99
1900, 6,11, 7,99
1900, 7, 2, 8,99
1900, 7,20, 9,99
1900, 9, 1,10,99
1900, 9,11,11,99
1900, 9,20,12,99
1900, 9,22,15,99
1900, 9,23,13,99
1900, 9,26,14,99
1900,10,21,16,99
1901, 1,18,17,99
1901, 2, 3, 0,99
1901, 3,18, 1,99
1901, 3,21, 2, 4
1901, 3,24, 3,99
1901, 4,18, 5,99
1901, 5, 2, 6,99
1901, 6,12, 7,99
1901, 7, 3, 8,99
1901, 7,20, 9,99
1901, 9, 1,10,99
1901, 9,11,11,99
1901, 9,21,12,99
1901, 9,24,13,99
1901, 9,27,14,15
1901,10,21,16,99
1902, 1,18,17,99
1902, 2, 4, 0,99
1902, 3,18, 1,99
1902, 3,21, 2,99
1902, 3,24, 3,99
1902, 3,26, 4,99
1902, 4,18, 5,99
1902, 5, 3, 6,99
1902, 6,12, 7,99
1902, 7, 3, 8,99
1902, 7,21, 9,99
1902, 9, 2,10,99
1902, 9,12,11,99
1902, 9,21,12,99
1902, 9,22,15,99
1902, 9,24,13,99
1902, 9,27,14,99
1902,10,21,16,99
1903, 1,18,17,99
1903, 2, 4, 0,99
1903, 3,19, 1,99
1903, 3,21, 4,99
1903, 3,22, 2,99
1903, 3,25, 3,99
1903, 4,18, 5,99
1903, 5, 3, 6,99
1903, 6,12, 7,99
1903, 7, 3, 8,99
1903, 7,21, 9,99
1903, 9, 2,10,99
1903, 9,12,11,99
1903, 9,21,12,99
1903, 9,24,13,99
1903, 9,27,14,15
1903,10,21,16,99
1904, 1,18,17,99
1904, 2, 4, 0,99
1904, 3,18, 1,99
1904, 3,21, 2,99
1904, 3,24, 3,99
1904, 3,25, 4,99
1904, 4,17, 5,99
1904, 5, 2, 6,99
1904, 6,11, 7,99
1904, 7, 2, 8,99
1904, 7,20, 9,99
1904, 9, 1,10,99
1904, 9,11,11,99
1904, 9,20,12,99
1904, 9,21,15,99
1904, 9,23,13,99
1904, 9,26,14,99
1904,10,21,16,99
1905, 1,18,17,99
1905, 2, 3, 0,99
1905, 3,18, 1,99
1905, 3,20, 4,99
1905, 3,21, 2,99
1905, 3,24, 3,99
1905, 4,18, 5,99
1905, 5, 2, 6,99
1905, 6,12, 7,99
1905, 7, 2, 8,99
1905, 7,20, 9,99
1905, 9, 1,10,99
1905, 9,11,11,99
1905, 9,21,12,99
1905, 9,24,13,99
1905, 9,26,15,99
1905, 9,27,14,99
1905,10,21,16,99
1906, 1,18,17,99
1906, 2, 4, 0,99
1906, 3,18, 1,99
1906, 3,21, 2,99
1906, 3,24, 3,99
1906, 3,25, 4,99
1906, 4,18, 5,99
1906, 5, 3, 6,99
1906, 6,12, 7,99
1906, 7, 3, 8,99
1906, 7,21, 9,99
1906, 9, 2,10,99
1906, 9,12,11,99
1906, 9,21,12,15
1906, 9,24,13,99
1906, 9,27,14,99
1906,10,21,16,99
1907, 1,18,17,99
1907, 2, 4, 0,99
1907, 3,19, 1,99
1907, 3,20, 4,99
1907, 3,22, 2,99
1907, 3,25, 3,99
1907, 4,18, 5,99
1907, 5, 3, 6,99
1907, 6,12, 7,99
1907, 7, 3, 8,99
1907, 7,21, 9,99
1907, 9, 2,10,99
1907, 9,12,11,99
1907, 9,21,12,99
1907, 9,24,13,99
1907, 9,26,15,99
1907, 9,27,14,99
1907,10,21,16,99
1908, 1,18,17,99
1908, 2, 4, 0,99
1908, 3,18, 1,99
1908, 3,21, 2,99
1908, 3,24, 3, 4
1908, 4,17, 5,99
1908, 5, 2, 6,99
1908, 6,11, 7,99
1908, 7, 2, 8,99
1908, 7,20, 9,99
1908, 9, 1,10,99
1908, 9,11,11,99
1908, 9,20,12,15
1908, 9,23,13,99
1908, 9,26,14,99
1908,10,21,16,99
1909, 1,18,17,99
1909, 2, 3, 0,99
1909, 3,18, 1,99
1909, 3,19, 4,99
1909, 3,21, 2,99
1909, 3,24, 3,99
1909, 4,18, 5,99
1909, 5, 2, 6,99
1909, 6,11, 7,99
1909, 7, 2, 8,99
1909, 7,20, 9,99
1909, 9, 1,10,99
1909, 9,11,11,99
1909, 9,21,12,99
1909, 9,24,13,99
1909, 9,25,15,99
1909, 9,27,14,99
1909,10,21,16,99
1910, 1,18,17,99
1910, 2, 4, 0,99
1910, 3,18, 1,99
1910, 3,21, 2,99
1910, 3,24, 3, 4
1910, 4,18, 5,99
1910, 5, 3, 6,99
1910, 6,12, 7,99
1910, 7, 3, 8,99
1910, 7,21, 9,99
1910, 9, 2,10,99
1910, 9,12,11,99
1910, 9,20,15,99
1910, 9,21,12,99
1910, 9,24,13,99
1910, 9,27,14,99
1910,10,21,16,99
1911, 1,18,17,99
1911, 2, 4, 0,99
1911, 3,19, 1, 4
1911, 3,22, 2,99
1911, 3,25, 3,99
1911, 4,18, 5,99
1911, 5, 3, 6,99
1911, 6,12, 7,99
1911, 7, 3, 8,99
1911, 7,21, 9,99
1911, 9, 2,10,99
1911, 9,12,11,99
1911, 9,21,12,99
1911, 9,24,13,99
1911, 9,25,15,99
1911, 9,27,14,99
1911,10,21,16,99
1912, 1,18,17,99
1912, 2, 4, 0,99
1912, 3,18, 1,99
1912, 3,21, 2,99
1912, 3,23, 4,99
1912, 3,24, 3,99
1912, 4,17, 5,99
1912, 5, 2, 6,99
1912, 6,11, 7,99
1912, 7, 2, 8,99
1912, 7,20, 9,99
1912, 9, 1,10,99
1912, 9,11,11,99
1912, 9,19,15,99
1912, 9,20,12,99
1912, 9,23,13,99
1912, 9,26,14,99
1912,10,21,16,99
1913, 1,18,17,99
1913, 2, 3, 0,99
1913, 3,18, 1, 4
1913, 3,21, 2,99
1913, 3,24, 3,99
1913, 4,18, 5,99
1913, 5, 2, 6,99
1913, 6,11, 7,99
1913, 7, 2, 8,99
1913, 7,20, 9,99
1913, 9, 1,10,99
1913, 9,11,11,99
1913, 9,21,12,99
1913, 9,24,13,15
1913, 9,27,14,99
1913,10,21,16,99
1914, 1,18,17,99
1914, 2, 4, 0,99
1914, 3,18, 1,99
1914, 3,21, 2,99
1914, 3,23, 4,99
1914, 3,24, 3,99
1914, 4,18, 5,99
1914, 5, 3, 6,99
1914, 6,12, 7,99
1914, 7, 3, 8,99
1914, 7,20, 9,99
1914, 9, 2,10,99
1914, 9,12,11,99
1914, 9,19,15,99
1914, 9,21,12,99
1914, 9,24,13,99
1914, 9,27,14,99
1914,10,21,16,99
1915, 1,18,17,99
1915, 2, 4, 0,99
1915, 3,18, 4,99
1915, 3,19, 1,99
1915, 3,22, 2,99
1915, 3,25, 3,99
1915, 4,18, 5,99
1915, 5, 3, 6,99
1915, 6,12, 7,99
1915, 7, 3, 8,99
1915, 7,21, 9,99
1915, 9, 2,10,99
1915, 9,12,11,99
1915, 9,21,12,99
1915, 9,24,13,15
1915, 9,27,14,99
1915,10,21,16,99
1916, 1,18,17,99
1916, 2, 4, 0,99
1916, 3,18, 1,99
1916, 3,21, 2,99
1916, 3,22, 4,99
1916, 3,24, 3,99
1916, 4,17, 5,99
1916, 5, 2, 6,99
1916, 6,11, 7,99
1916, 7, 2, 8,99
1916, 7,20, 9,99
1916, 9, 1,10,99
1916, 9,11,11,99
1916, 9,20,12,99
1916, 9,23,13,99
1916, 9,26,14,99
1916, 9,28,15,99
1916,10,21,16,99
1917, 1,18,17,99
1917, 2, 3, 0,99
1917, 3,17, 4,99
1917, 3,18, 1,99
1917, 3,21, 2,99
1917, 3,24, 3,99
1917, 4,17, 5,99
1917, 5, 2, 6,99
1917, 6,11, 7,99
1917, 7, 2, 8,99
1917, 7,20, 9,99
1917, 9, 1,10,99
1917, 9,11,11,99
1917, 9,20,12,99
1917, 9,23,13,15
1917, 9,26,14,99
1917,10,21,16,99
1918, 1,18,17,99
1918, 2, 3, 0,99
1918, 3,18, 1,99
1918, 3,21, 2,99
1918, 3,22, 4,99
1918, 3,24, 3,99
1918, 4,18, 5,99
1918, 5, 2, 6,99
1918, 6,12, 7,99
1918, 7, 3, 8,99
1918, 7,20, 9,99
1918, 9, 1,10,99
1918, 9,11,11,99
1918, 9,21,12,99
1918, 9,24,13,99
1918, 9,27,14,99
1918, 9,28,15,99
1918,10,21,16,99
1919, 1,18,17,99
1919, 2, 4, 0,99
1919, 3,17, 4,99
1919, 3,19, 1,99
1919, 3,22, 2,99
1919, 3,25, 3,99
1919, 4,18, 5,99
1919, 5, 3, 6,99
1919, 6,12, 7,99
1919, 7, 3, 8,99
1919, 7,21, 9,99
1919, 9, 2,10,99
1919, 9,12,11,99
1919, 9,21,12,99
1919, 9,23,15,99
1919, 9,24,13,99
1919, 9,27,14,99
1919,10,21,16,99
1920, 1,18,17,99
1920, 2, 4, 0,99
1920, 3,18, 1,99
1920, 3,21, 2, 4
1920, 3,24, 3,99
1920, 4,17, 5,99
1920, 5, 2, 6,99
1920, 6,11, 7,99
1920, 7, 2, 8,99
1920, 7,20, 9,99
1920, 9, 1,10,99
1920, 9,11,11,99
1920, 9,20,12,99
1920, 9,23,13,99
1920, 9,26,14,99
1920, 9,27,15,99
1920,10,21,16,99
1921, 2, 3, 0,99
1921, 3,18, 1,99
1921, 3,21, 2,99
1921, 3,24, 3,99
1921, 3,26, 4,99
1921, 4,17, 5,99
1921, 5, 2, 6,99
1921, 6,11, 7,99
1921, 7, 2, 8,99
1921, 7,20, 9,99
1921, 9, 1,10,99
1921, 9,11,11,99
1921, 9,20,12,99
1921, 9,22,15,99
1921, 9,23,13,99
1921, 9,26,14,99
1921,10,21,16,99
1922, 1,18,17,99
1922, 2, 3, 0,99
1922, 3,18, 1,99
1922, 3,21, 2, 4
1922, 3,24, 3,99
1922, 4,18, 5,99
1922, 5, 2, 6,99
1922, 6,12, 7,99
1922, 7, 3, 8,99
1922, 7,20, 9,99
1922, 9, 1,10,99
1922, 9,11,11,99
1922, 9,21,12,99
1922, 9,24,13,99
1922, 9,27,14,15
1922,10,21,16,99
1923, 1,18,17,99
1923, 2, 4, 0,99
1923, 3,19, 1,99
1923, 3,22, 2,99
1923, 3,25, 3,99
1923, 3,26, 4,99
1923, 4,18, 5,99
1923, 5, 3, 6,99
1923, 6,12, 7,99
1923, 7, 3, 8,99
1923, 7,21, 9,99
1923, 9, 2,10,99
1923, 9,12,11,99
1923, 9,21,12,99
1923, 9,22,15,99
1923, 9,24,13,99
1923, 9,27,14,99
1923,10,21,16,99
1924, 1,18,17,99
1924, 2, 4, 0,99
1924, 3,18, 1,99
1924, 3,20, 4,99
1924, 3,21, 2,99
1924, 3,24, 3,99
1924, 4,17, 5,99
1924, 5, 2, 6,99
1924, 6,11, 7,99
1924, 7, 2, 8,99
1924, 7,20, 9,99
1924, 9, 1,10,99
1924, 9,11,11,99
1924, 9,20,12,99
1924, 9,23,13,99
1924, 9,26,14,15
1924,10,21,16,99
1925, 1,17,17,99
1925, 2, 3, 0,99
1925, 3,18, 1,99
1925, 3,21, 2,99
1925, 3,24, 3,99
1925, 3,25, 4,99
1925, 4,17, 5,99
1925, 5, 2, 6,99
1925, 6,11, 7,99
1925, 7, 2, 8,99
1925, 7,20, 9,99
1925, 9, 1,10,99
1925, 9,11,11,99
1925, 9,20,12,99
1925, 9,21,15,99
1925, 9,23,13,99
1925, 9,26,14,99
1925,10,21,16,99
1926, 1,18,17,99
1926, 2, 3, 0,99
1926, 3,18, 1,99
1926, 3,20, 4,99
1926, 3,21, 2,99
1926, 3,24, 3,99
1926, 4,18, 5,99
1926, 5, 2, 6,99
1926, 6,12, 7,99
1926, 7, 3, 8,99
1926, 7,20, 9,99
1926, 9, 1,10,99
1926, 9,11,11,99
1926, 9,21,12,99
1926, 9,24,13,99
1926, 9,26,15,99
1926, 9,27,14,99
1926,10,21,16,99
1927, 1,18,17,99
1927, 2, 4, 0,99
1927, 3,18, 1,99
1927, 3,21, 2,99
1927, 3,24, 3,99
1927, 3,25, 4,99
1927, 4,18, 5,99
1927, 5, 3, 6,99
1927, 6,12, 7,99
1927, 7, 3, 8,99
1927, 7,21, 9,99
1927, 9, 2,10,99
1927, 9,12,11,99
1927, 9,21,12,15
1927, 9,24,13,99
1927, 9,27,14,99
1927,10,21,16,99
1928, 1,18,17,99
1928, 2, 4, 0,99
1928, 3,18, 1,99
1928, 3,19, 4,99
1928, 3,21, 2,99
1928, 3,24, 3,99
1928, 4,17, 5,99
1928, 5, 2, 6,99
1928, 6,11, 7,99
1928, 7, 2, 8,99
1928, 7,20, 9,99
1928, 9, 1,10,99
1928, 9,11,11,99
1928, 9,20,12,99
1928, 9,23,13,99
1928, 9,25,15,99
1928, 9,26,14,99
1928,10,21,16,99
1929, 1,17,17,99
1929, 2, 3, 0,99
1929, 3,18, 1,99
1929, 3,21, 2,99
1929, 3,24, 3, 4
1929, 4,17, 5,99
1929, 5, 2, 6,99
1929, 6,11, 7,99
1929, 7, 2, 8,99
1929, 7,20, 9,99
1929, 9, 1,10,99
1929, 9,11,11,99
1929, 9,20,12,15
1929, 9,23,13,99
1929, 9,26,14,99
1929,10,21,16,99
1930, 1,18,17,99
1930, 2, 3, 0,99
1930, 3,18, 1,99
1930, 3,19, 4,99
1930, 3,21, 2,99
1930, 3,24, 3,99
1930, 4,18, 5,99
1930, 5, 2, 6,99
1930, 6,12, 7,99
1930, 7, 3, 8,99
1930, 7,20, 9,99
1930, 9, 1,10,99
1930, 9,11,11,99
1930, 9,21,12,99
1930, 9,24,13,99
1930, 9,25,15,99
1930, 9,27,14,99
1930,10,21,16,99
1931, 1,18,17,99
1931, 2, 4, 0,99
1931, 3,18, 1,99
1931, 3,21, 2,99
1931, 3,24, 3, 4
1931, 4,18, 5,99
1931, 5, 3, 6,99
1931, 6,12, 7,99
1931, 7, 3, 8,99
1931, 7,21, 9,99
1931, 9, 2,10,99
1931, 9,12,11,99
1931, 9,20,15,99
1931, 9,21,12,99
1931, 9,24,13,99
1931, 9,27,14,99
1931,10,21,16,99
1932, 1,18,17,99
1932, 2, 4, 0,99
1932, 3,18, 1, 4
1932, 3,21, 2,99
1932, 3,24, 3,99
1932, 4,17, 5,99
1932, 5, 2, 6,99
1932, 6,11, 7,99
1932, 7, 2, 8,99
1932, 7,20, 9,99
1932, 9, 1,10,99
1932, 9,11,11,99
1932, 9,20,12,99
1932, 9,23,13,99
1932, 9,24,15,99
1932, 9,26,14,99
1932,10,20,16,99
1933, 1,17,17,99
1933, 2, 3, 0,99
1933, 3,18, 1,99
1933, 3,21, 2,99
1933, 3,23, 4,99
1933, 3,24, 3,99
1933, 4,17, 5,99
1933, 5, 2, 6,99
1933, 6,11, 7,99
1933, 7, 2, 8,99
1933, 7,20, 9,99
1933, 9, 1,10,99
1933, 9,11,11,99
1933, 9,19,15,99
1933, 9,20,12,99
1933, 9,23,13,99
1933, 9,26,14,99
1933,10,21,16,99
1934, 1,18,17,99
1934, 2, 3, 0,99
1934, 3,18, 1, 4
1934, 3,21, 2,99
1934, 3,24, 3,99
1934, 4,18, 5,99
1934, 5, 2, 6,99
1934, 6,12, 7,99
1934, 7, 2, 8,99
1934, 7,20, 9,99
1934, 9, 1,10,99
1934, 9,11,11,99
1934, 9,21,12,99
1934, 9,24,13,15
1934, 9,27,14,99
1934,10,21,16,99
1935, 1,18,17,99
1935, 2, 4, 0,99
1935, 3,18, 1,99
1935, 3,21, 2,99
1935, 3,23, 4,99
1935, 3,24, 3,99
1935, 4,18, 5,99
1935, 5, 3, 6,99
1935, 6,12, 7,99
1935, 7, 3, 8,99
1935, 7,21, 9,99
1935, 9, 2,10,99
1935, 9,12,11,99
1935, 9,19,15,99
1935, 9,21,12,99
1935, 9,24,13,99
1935, 9,27,14,99
1935,10,21,16,99
1936, 1,18,17,99
1936, 2, 4, 0,99
1936, 3,17, 4,99
1936, 3,18, 1,99
1936, 3,21, 2,99
1936, 3,24, 3,99
1936, 4,17, 5,99
1936, 5, 2, 6,99
1936, 6,11, 7,99
1936, 7, 2, 8,99
1936, 7,20, 9,99
1936, 9, 1,10,99
1936, 9,11,11,99
1936, 9,20,12,99
1936, 9,23,13,15
1936, 9,26,14,99
1936,10,20,16,99
1937, 1,17,17,99
1937, 2, 3, 0,99
1937, 3,18, 1,99
1937, 3,21, 2,99
1937, 3,22, 4,99
1937, 3,24, 3,99
1937, 4,17, 5,99
1937, 5, 2, 6,99
1937, 6,11, 7,99
1937, 7, 2, 8,99
1937, 7,20, 9,99
1937, 9, 1,10,99
1937, 9,11,11,99
1937, 9,20,12,99
1937, 9,23,13,99
1937, 9,26,14,99
1937, 9,28,15,99
1937,10,21,16,99
1938, 1,18,17,99
1938, 2, 3, 0,99
1938, 3,17, 4,99
1938, 3,18, 1,99
1938, 3,21, 2,99
1938, 3,24, 3,99
1938, 4,18, 5,99
1938, 5, 2, 6,99
1938, 6,11, 7,99
1938, 7, 2, 8,99
1938, 7,20, 9,99
1938, 9, 1,10,99
1938, 9,11,11,99
1938, 9,21,12,99
1938, 9,23,15,99
1938, 9,24,13,99
1938, 9,27,14,99
1938,10,21,16,99
1939, 1,18,17,99
1939, 2, 4, 0,99
1939, 3,18, 1,99
1939, 3,21, 2,99
1939, 3,22, 4,99
1939, 3,24, 3,99
1939, 4,18, 5,99
1939, 5, 3, 6,99
1939, 6,12, 7,99
1939, 7, 3, 8,99
1939, 7,21, 9,99
1939, 9, 2,10,99
1939, 9,12,11,99
1939, 9,21,12,99
1939, 9,24,13,99
1939, 9,27,14,99
1939, 9,28,15,99
1939,10,21,16,99
1940, 1,18,17,99
1940, 2, 4, 0,99
1940, 3,16, 4,99
1940, 3,18, 1,99
1940, 3,21, 2,99
1940, 3,24, 3,99
1940, 4,17, 5,99
1940, 5, 2, 6,99
1940, 6,11, 7,99
1940, 7, 2, 8,99
1940, 7,20, 9,99
1940, 9, 1,10,99
1940, 9,11,11,99
1940, 9,20,12,99
1940, 9,22,15,99
1940, 9,23,13,99
1940, 9,26,14,99
1940,10,20,16,99
1941, 1,17,17,99
1941, 2, 3, 0,99
1941, 3,18, 1,99
1941, 3,21, 2, 4
1941, 3,24, 3,99
1941, 4,17, 5,99
1941, 5, 2, 6,99
1941, 6,11, 7,99
1941, 7, 2, 8,99
1941, 7,20, 9,99
1941, 9, 1,10,99
1941, 9,11,11,99
1941, 9,20,12,99
1941, 9,23,13,99
1941, 9,26,14,99
1941, 9,27,15,99
1941,10,21,16,99
1942, 1,18,17,99
1942, 2, 3, 0,99
1942, 3,18, 1,99
1942, 3,21, 2,99
1942, 3,24, 3,99
1942, 3,26, 4,99
1942, 4,18, 5,99
1942, 5, 2, 6,99
1942, 6,11, 7,99
1942, 7, 2, 8,99
1942, 7,20, 9,99
1942, 9, 1,10,99
1942, 9,11,11,99
1942, 9,21,12,99
1942, 9,22,15,99
1942, 9,24,13,99
1942, 9,27,14,99
1942,10,21,16,99
1943, 1,18,17,99
1943, 2, 4, 0,99
1943, 3,18, 1,99
1943, 3,21, 2, 4
1943, 3,24, 3,99
1943, 4,18, 5,99
1943, 5, 3, 6,99
1943, 6,12, 7,99
1943, 7, 3, 8,99
1943, 7,20, 9,99
1943, 9, 2,10,99
1943, 9,12,11,99
1943, 9,21,12,99
1943, 9,24,13,99
1943, 9,27,14,15
1943,10,21,16,99
1944, 1,18,17,99
1944, 2, 4, 0,99
1944, 3,18, 1,99
1944, 3,21, 2,99
1944, 3,24, 3,99
1944, 3,25, 4,99
1944, 4,17, 5,99
1944, 5, 2, 6,99
1944, 6,11, 7,99
1944, 7, 2, 8,99
1944, 7,20, 9,99
1944, 9, 1,10,99
1944, 9,11,11,99
1944, 9,20,12,99
1944, 9,21,15,99
1944, 9,23,13,99
1944, 9,26,14,99
1944,10,20,16,99
1945, 1,17,17,99
1945, 2, 3, 0,99
1945, 3,18, 1,99
1945, 3,20, 4,99
1945, 3,21, 2,99
1945, 3,24, 3,99
1945, 4,17, 5,99
1945, 5, 2, 6,99
1945, 6,11, 7,99
1945, 7, 2, 8,99
1945, 7,20, 9,99
1945, 9, 1,10,99
1945, 9,11,11,99
1945, 9,20,12,99
1945, 9,23,13,99
1945, 9,26,14,15
1945,10,21,16,99
1946, 1,18,17,99
1946, 2, 3, 0,99
1946, 3,18, 1,99
1946, 3,21, 2,99
1946, 3,24, 3,99
1946, 3,25, 4,99
1946, 4,18, 5,99
1946, 5, 2, 6,99
1946, 6,11, 7,99
1946, 7, 2, 8,99
1946, 7,20, 9,99
1946, 9, 1,10,99
1946, 9,11,11,99
1946, 9,21,12,15
1946, 9,24,13,99
1946, 9,27,14,99
1946,10,21,16,99
1947, 1,18,17,99
1947, 2, 4, 0,99
1947, 3,18, 1,99
1947, 3,20, 4,99
1947, 3,21, 2,99
1947, 3,24, 3,99
1947, 4,18, 5,99
1947, 5, 3, 6,99
1947, 6,12, 7,99
1947, 7, 3, 8,99
1947, 7,20, 9,99
1947, 9, 2,10,99
1947, 9,12,11,99
1947, 9,21,12,99
1947, 9,24,13,99
1947, 9,26,15,99
1947, 9,27,14,99
1947,10,21,16,99
1948, 1,18,17,99
1948, 2, 4, 0,99
1948, 3,18, 1,99
1948, 3,21, 2,99
1948, 3,24, 3, 4
1948, 4,17, 5,99
1948, 5, 2, 6,99
1948, 6,11, 7,99
1948, 7, 2, 8,99
1948, 7,20, 9,99
1948, 9, 1,10,99
1948, 9,11,11,99
1948, 9,20,12,15
1948, 9,23,13,99
1948, 9,26,14,99
1948,10,20,16,99
1949, 1,17,17,99
1949, 2, 3, 0,99
1949, 3,18, 1,99
1949, 3,19, 4,99
1949, 3,21, 2,99
1949, 3,24, 3,99
1949, 4,17, 5,99
1949, 5, 2, 6,99
1949, 6,11, 7,99
1949, 7, 2, 8,99
1949, 7,20, 9,99
1949, 9, 1,10,99
1949, 9,11,11,99
1949, 9,20,12,99
1949, 9,23,13,99
1949, 9,25,15,99
1949, 9,26,14,99
1949,10,21,16,99
1950, 1,18,17,99
1950, 2, 3, 0,99
1950, 3,18, 1,99
1950, 3,21, 2,99
1950, 3,24, 3, 4
1950, 4,17, 5,99
1950, 5, 2, 6,99
1950, 6,11, 7,99
1950, 7, 2, 8,99
1950, 7,20, 9,99
1950, 9, 1,10,99
1950, 9,11,11,99
1950, 9,20,12,15
1950, 9,23,13,99
1950, 9,26,14,99
1950,10,21,16,99
1951, 1,18,17,99
1951, 2, 4, 0,99
1951, 3,18, 1,99
1951, 3,19, 4,99
1951, 3,21, 2,99
1951, 3,24, 3,99
1951, 4,18, 5,99
1951, 5, 3, 6,99
1951, 6,12, 7,99
1951, 7, 3, 8,99
1951, 7,20, 9,99
1951, 9, 2,10,99
1951, 9,12,11,99
1951, 9,21,12,99
1951, 9,24,13,99
1951, 9,25,15,99
1951, 9,27,14,99
1951,10,21,16,99
1952, 1,18,17,99
1952, 2, 4, 0,99
1952, 3,18, 1,99
1952, 3,21, 2,99
1952, 3,23, 4,99
1952, 3,24, 3,99
1952, 4,17, 5,99
1952, 5, 2, 6,99
1952, 6,11, 7,99
1952, 7, 2, 8,99
1952, 7,20, 9,99
1952, 9, 1,10,99
1952, 9,11,11,99
1952, 9,19,15,99
1952, 9,20,12,99
1952, 9,23,13,99
1952, 9,26,14,99
1952,10,20,16,99
1953, 1,17,17,99
1953, 2, 3, 0,99
1953, 3,18, 1, 4
1953, 3,21, 2,99
1953, 3,24, 3,99
1953, 4,17, 5,99
1953, 5, 2, 6,99
1953, 6,11, 7,99
1953, 7, 2, 8,99
1953, 7,20, 9,99
1953, 9, 1,10,99
1953, 9,11,11,99
1953, 9,20,12,99
1953, 9,23,13,99
1953, 9,24,15,99
1953, 9,26,14,99
1953,10,21,16,99
1954, 1,18,17,99
1954, 2, 3, 0,99
1954, 3,18, 1,99
1954, 3,21, 2,99
1954, 3,23, 4,99
1954, 3,24, 3,99
1954, 4,17, 5,99
1954, 5, 2, 6,99
1954, 6,11, 7,99
1954, 7, 2, 8,99
1954, 7,20, 9,99
1954, 9, 1,10,99
1954, 9,11,11,99
1954, 9,19,15,99
1954, 9,20,12,99
1954, 9,23,13,99
1954, 9,26,14,99
1954,10,21,16,99
1955, 1,18,17,99
1955, 2, 3, 0,99
1955, 3,18, 1, 4
1955, 3,21, 2,99
1955, 3,24, 3,99
1955, 4,18, 5,99
1955, 5, 2, 6,99
1955, 6,12, 7,99
1955, 7, 3, 8,99
1955, 7,20, 9,99
1955, 9, 1,10,99
1955, 9,11,11,99
1955, 9,21,12,99
1955, 9,24,13,15
1955, 9,27,14,99
1955,10,21,16,99
1956, 1,18,17,99
1956, 2, 4, 0,99
1956, 3,18, 1,99
1956, 3,21, 2,99
1956, 3,22, 4,99
1956, 3,24, 3,99
1956, 4,17, 5,99
1956, 5, 2, 6,99
1956, 6,11, 7,99
1956, 7, 2, 8,99
1956, 7,20, 9,99
1956, 9, 1,10,99
1956, 9,11,11,99
1956, 9,18,15,99
1956, 9,20,12,99
1956, 9,23,13,99
1956, 9,26,14,99
1956,10,20,16,99
1957, 1,17,17,99
1957, 2, 3, 0,99
1957, 3,17, 4,99
1957, 3,18, 1,99
1957, 3,21, 2,99
1957, 3,24, 3,99
1957, 4,17, 5,99
1957, 5, 2, 6,99
1957, 6,11, 7,99
1957, 7, 2, 8,99
1957, 7,20, 9,99
1957, 9, 1,10,99
1957, 9,11,11,99
1957, 9,20,12,99
1957, 9,23,13,15
1957, 9,26,14,99
1957,10,21,16,99
1958, 1,17,17,99
1958, 2, 3, 0,99
1958, 3,18, 1,99
1958, 3,21, 2,99
1958, 3,22, 4,99
1958, 3,24, 3,99
1958, 4,17, 5,99
1958, 5, 2, 6,99
1958, 6,11, 7,99
1958, 7, 2, 8,99
1958, 7,20, 9,99
1958, 9, 1,10,99
1958, 9,11,11,99
1958, 9,20,12,99
1958, 9,23,13,99
1958, 9,26,14,99
1958, 9,28,15,99
1958,10,21,16,99
1959, 1,18,17,99
1959, 2, 3, 0,99
1959, 3,17, 4,99
1959, 3,18, 1,99
1959, 3,21, 2,99
1959, 3,24, 3,99
1959, 4,18, 5,99
1959, 5, 2, 6,99
1959, 6,12, 7,99
1959, 7, 3, 8,99
1959, 7,20, 9,99
1959, 9, 1,10,99
1959, 9,11,11,99
1959, 9,21,12,99
1959, 9,23,15,99
1959, 9,24,13,99
1959, 9,27,14,99
1959,10,21,16,99
1960, 1,18,17,99
1960, 2, 4, 0,99
1960, 3,17, 1,99
1960, 3,20, 2,99
1960, 3,21, 4,99
1960, 3,23, 3,99
1960, 4,17, 5,99
1960, 5, 2, 6,99
1960, 6,11, 7,99
1960, 7, 2, 8,99
1960, 7,20, 9,99
1960, 9, 1,10,99
1960, 9,11,11,99
1960, 9,20,12,99
1960, 9,23,13,99
1960, 9,26,14,99
1960, 9,27,15,99
1960,10,20,16,99
1961, 1,17,17,99
1961, 2, 3, 0,99
1961, 3,16, 4,99
1961, 3,18, 1,99
1961, 3,21, 2,99
1961, 3,24, 3,99
1961, 4,17, 5,99
1961, 5, 2, 6,99
1961, 6,11, 7,99
1961, 7, 2, 8,99
1961, 7,20, 9,99
1961, 9, 1,10,99
1961, 9,11,11,99
1961, 9,20,12,99
1961, 9,22,15,99
1961, 9,23,13,99
1961, 9,26,14,99
1961,10,21,16,99
1962, 1,17,17,99
1962, 2, 3, 0,99
1962, 3,18, 1,99
1962, 3,21, 2, 4
1962, 3,24, 3,99
1962, 4,17, 5,99
1962, 5, 2, 6,99
1962, 6,11, 7,99
1962, 7, 2, 8,99
1962, 7,20, 9,99
1962, 9, 1,10,99
1962, 9,11,11,99
1962, 9,20,12,99
1962, 9,23,13,99
1962, 9,26,14,99
1962, 9,27,15,99
1962,10,21,16,99
1963, 1,18,17,99
1963, 2, 3, 0,99
1963, 3,18, 1,99
1963, 3,21, 2,99
1963, 3,24, 3,99
1963, 3,26, 4,99
1963, 4,18, 5,99
1963, 5, 2, 6,99
1963, 6,12, 7,99
1963, 7, 2, 8,99
1963, 7,20, 9,99
1963, 9, 1,10,99
1963, 9,11,11,99
1963, 9,21,12,99
1963, 9,22,15,99
1963, 9,24,13,99
1963, 9,27,14,99
1963,10,21,16,99
1964, 1,18,17,99
1964, 2, 4, 0,99
1964, 3,17, 1,99
1964, 3,20, 2, 4
1964, 3,23, 3,99
1964, 4,17, 5,99
1964, 5, 2, 6,99
1964, 6,11, 7,99
1964, 7, 2, 8,99
1964, 7,20, 9,99
1964, 9, 1,10,99
1964, 9,11,11,99
1964, 9,20,12,99
1964, 9,23,13,99
1964, 9,26,14,15
1964,10,20,16,99
1965, 1,17,17,99
1965, 2, 3, 0,99
1965, 3,18, 1,99
1965, 3,21, 2,99
1965, 3,24, 3,99
1965, 3,25, 4,99
1965, 4,17, 5,99
1965, 5, 2, 6,99
1965, 6,11, 7,99
1965, 7, 2, 8,99
1965, 7,20, 9,99
1965, 9, 1,10,99
1965, 9,11,11,99
1965, 9,20,12,99
1965, 9,21,15,99
1965, 9,23,13,99
1965, 9,26,14,99
1965,10,20,16,99
1966, 1,17,17,99
1966, 2, 3, 0,99
1966, 3,18, 1,99
1966, 3,20, 4,99
1966, 3,21, 2,99
1966, 3,24, 3,99
1966, 4,17, 5,99
1966, 5, 2, 6,99
1966, 6,11, 7,99
1966, 7, 2, 8,99
1966, 7,20, 9,99
1966, 9, 1,10,99
1966, 9,11,11,99
1966, 9,20,12,99
1966, 9,23,13,99
1966, 9,26,14,15
1966,10,21,16,99
1967, 1,18,17,99
1967, 2, 3, 0,99
1967, 3,18, 1,99
1967, 3,21, 2,99
1967, 3,24, 3,99
1967, 3,25, 4,99
1967, 4,18, 5,99
1967, 5, 2, 6,99
1967, 6,12, 7,99
1967, 7, 2, 8,99
1967, 7,20, 9,99
1967, 9, 1,10,99
1967, 9,11,11,99
1967, 9,21,12,15
1967, 9,24,13,99
1967, 9,27,14,99
1967,10,21,16,99
1968, 1,18,17,99
1968, 2, 4, 0,99
1968, 3,17, 1,99
1968, 3,19, 4,99
1968, 3,20, 2,99
1968, 3,23, 3,99
1968, 4,17, 5,99
1968, 5, 2, 6,99
1968, 6,11, 7,99
1968, 7, 2, 8,99
1968, 7,20, 9,99
1968, 9, 1,10,99
1968, 9,11,11,99
1968, 9,20,12,99
1968, 9,23,13,99
1968, 9,25,15,99
1968, 9,26,14,99
1968,10,20,16,99
1969, 1,17,17,99
1969, 2, 3, 0,99
1969, 3,18, 1,99
1969, 3,21, 2,99
1969, 3,24, 3, 4
1969, 4,17, 5,99
1969, 5, 2, 6,99
1969, 6,11, 7,99
1969, 7, 2, 8,99
1969, 7,20, 9,99
1969, 9, 1,10,99
1969, 9,11,11,99
1969, 9,20,12,15
1969, 9,23,13,99
1969, 9,26,14,99
1969,10,20,16,99
1970, 1,17,17,99
1970, 2, 3, 0,99
1970, 3,18, 1,99
1970, 3,19, 4,99
1970, 3,21, 2,99
1970, 3,24, 3,99
1970, 4,17, 5,99
1970, 5, 2, 6,99
1970, 6,11, 7,99
1970, 7, 2, 8,99
1970, 7,20, 9,99
1970, 9, 1,10,99
1970, 9,11,11,99
1970, 9,20,12,99
1970, 9,23,13,99
1970, 9,25,15,99
1970, 9,26,14,99
1970,10,21,16,99
1971, 1,18,17,99
1971, 2, 3, 0,99
1971, 3,18, 1,99
1971, 3,21, 2,99
1971, 3,24, 3, 4
1971, 4,18, 5,99
1971, 5, 2, 6,99
1971, 6,11, 7,99
1971, 7, 2, 8,99
1971, 7,20, 9,99
1971, 9, 1,10,99
1971, 9,11,11,99
1971, 9,20,15,99
1971, 9,21,12,99
1971, 9,24,13,99
1971, 9,27,14,99
1971,10,21,16,99
1972, 1,18,17,99
1972, 2, 4, 0,99
1972, 3,17, 1,99
1972, 3,18, 4,99
1972, 3,20, 2,99
1972, 3,23, 3,99
1972, 4,17, 5,99
1972, 5, 2, 6,99
1972, 6,11, 7,99
1972, 7, 2, 8,99
1972, 7,19, 9,99
1972, 9, 1,10,99
1972, 9,11,11,99
1972, 9,20,12,99
1972, 9,23,13,99
1972, 9,24,15,99
1972, 9,26,14,99
1972,10,20,16,99
1973, 1,17,17,99
1973, 2, 3, 0,99
1973, 3,18, 1,99
1973, 3,21, 2,99
1973, 3,23, 4,99
1973, 3,24, 3,99
1973, 4,17, 5,99
1973, 5, 2, 6,99
1973, 6,11, 7,99
1973, 7, 2, 8,99
1973, 7,20, 9,99
1973, 9, 1,10,99
1973, 9,11,11,99
1973, 9,19,15,99
1973, 9,20,12,99
1973, 9,23,13,99
1973, 9,26,14,99
1973,10,20,16,99
1974, 1,17,17,99
1974, 2, 3, 0,99
1974, 3,18, 1, 4
1974, 3,21, 2,99
1974, 3,24, 3,99
1974, 4,17, 5,99
1974, 5, 2, 6,99
1974, 6,11, 7,99
1974, 7, 2, 8,99
1974, 7,20, 9,99
1974, 9, 1,10,99
1974, 9,11,11,99
1974, 9,20,12,99
1974, 9,23,13,99
1974, 9,24,15,99
1974, 9,26,14,99
1974,10,21,16,99
1975, 1,18,17,99
1975, 2, 3, 0,99
1975, 3,18, 1,99
1975, 3,21, 2,99
1975, 3,23, 4,99
1975, 3,24, 3,99
1975, 4,18, 5,99
1975, 5, 2, 6,99
1975, 6,11, 7,99
1975, 7, 2, 8,99
1975, 7,20, 9,99
1975, 9, 1,10,99
1975, 9,11,11,99
1975, 9,19,15,99
1975, 9,21,12,99
1975, 9,24,13,99
1975, 9,27,14,99
1975,10,21,16,99
1976, 1,18,17,99
1976, 2, 4, 0,99
1976, 3,17, 1, 4
1976, 3,20, 2,99
1976, 3,23, 3,99
1976, 4,17, 5,99
1976, 5, 2, 6,99
1976, 6,11, 7,99
1976, 7, 2, 8,99
1976, 7,19, 9,99
1976, 9, 1,10,99
1976, 9,11,11,99
1976, 9,20,12,99
1976, 9,23,13,15
1976, 9,26,14,99
1976,10,20,16,99
1977, 1,17,17,99
1977, 2, 3, 0,99
1977, 3,18, 1,99
1977, 3,21, 2,99
1977, 3,22, 4,99
1977, 3,24, 3,99
1977, 4,17, 5,99
1977, 5, 2, 6,99
1977, 6,11, 7,99
1977, 7, 2, 8,99
1977, 7,20, 9,99
1977, 9, 1,10,99
1977, 9,11,11,99
1977, 9,20,12,99
1977, 9,23,13,99
1977, 9,26,14,99
1977, 9,28,15,99
1977,10,20,16,99
1978, 1,17,17,99
1978, 2, 3, 0,99
1978, 3,17, 4,99
1978, 3,18, 1,99
1978, 3,21, 2,99
1978, 3,24, 3,99
1978, 4,17, 5,99
1978, 5, 2, 6,99
1978, 6,11, 7,99
1978, 7, 2, 8,99
1978, 7,20, 9,99
1978, 9, 1,10,99
1978, 9,11,11,99
1978, 9,20,12,99
1978, 9,23,13,15
1978, 9,26,14,99
1978,10,21,16,99
1979, 1,18,17,99
1979, 2, 3, 0,99
1979, 3,18, 1,99
1979, 3,21, 2,99
1979, 3,22, 4,99
1979, 3,24, 3,99
1979, 4,17, 5,99
1979, 5, 2, 6,99
1979, 6,11, 7,99
1979, 7, 2, 8,99
1979, 7,20, 9,99
1979, 9, 1,10,99
1979, 9,11,11,99
1979, 9,21,12,99
1979, 9,24,13,99
1979, 9,27,14,99
1979, 9,28,15,99
1979,10,21,16,99
1980, 1,18,17,99
1980, 2, 4, 0,99
1980, 3,16, 4,99
1980, 3,17, 1,99
1980, 3,20, 2,99
1980, 3,23, 3,99
1980, 4,17, 5,99
1980, 5, 2, 6,99
1980, 6,11, 7,99
1980, 7, 2, 8,99
1980, 7,19, 9,99
1980, 9, 1,10,99
1980, 9,11,11,99
1980, 9,20,12,99
1980, 9,22,15,99
1980, 9,23,13,99
1980, 9,26,14,99
1980,10,20,16,99
1981, 1,17,17,99
1981, 2, 3, 0,99
1981, 3,18, 1,99
1981, 3,21, 2, 4
1981, 3,24, 3,99
1981, 4,17, 5,99
1981, 5, 2, 6,99
1981, 6,11, 7,99
1981, 7, 2, 8,99
1981, 7,20, 9,99
1981, 9, 1,10,99
1981, 9,11,11,99
1981, 9,20,12,99
1981, 9,23,13,99
1981, 9,26,14,99
1981, 9,27,15,99
1981,10,20,16,99
1982, 1,17,17,99
1982, 2, 3, 0,99
1982, 3,16, 4,99
1982, 3,18, 1,99
1982, 3,21, 2,99
1982, 3,24, 3,99
1982, 4,17, 5,99
1982, 5, 2, 6,99
1982, 6,11, 7,99
1982, 7, 2, 8,99
1982, 7,20, 9,99
1982, 9, 1,10,99
1982, 9,11,11,99
1982, 9,20,12,99
1982, 9,22,15,99
1982, 9,23,13,99
1982, 9,26,14,99
1982,10,21,16,99
1983, 1,18,17,99
1983, 2, 3, 0,99
1983, 3,18, 1,99
1983, 3,21, 2, 4
1983, 3,24, 3,99
1983, 4,17, 5,99
1983, 5, 2, 6,99
1983, 6,11, 7,99
1983, 7, 2, 8,99
1983, 7,20, 9,99
1983, 9, 1,10,99
1983, 9,11,11,99
1983, 9,20,12,99
1983, 9,23,13,99
1983, 9,26,14,99
1983, 9,27,15,99
1983,10,21,16,99
1984, 1,18,17,99
1984, 2, 4, 0,99
1984, 3,17, 1,99
1984, 3,20, 2,99
1984, 3,23, 3,99
1984, 3,25, 4,99
1984, 4,17, 5,99
1984, 5, 2, 6,99
1984, 6,11, 7,99
1984, 7, 2, 8,99
1984, 7,19, 9,99
1984, 9, 1,10,99
1984, 9,11,11,99
1984, 9,20,12,99
1984, 9,21,15,99
1984, 9,23,13,99
1984, 9,26,14,99
1984,10,20,16,99
1985, 1,17,17,99
1985, 2, 3, 0,99
1985, 3,18, 1,99
1985, 3,20, 4,99
1985, 3,21, 2,99
1985, 3,24, 3,99
1985, 4,17, 5,99
1985, 5, 2, 6,99
1985, 6,11, 7,99
1985, 7, 2, 8,99
1985, 7,20, 9,99
1985, 9, 1,10,99
1985, 9,11,11,99
1985, 9,20,12,99
1985, 9,23,13,99
1985, 9,26,14,15
1985,10,20,16,99
1986, 1,17,17,99
1986, 2, 3, 0,99
1986, 3,18, 1,99
1986, 3,21, 2,99
1986, 3,24, 3,99
1986, 3,25, 4,99
1986, 4,17, 5,99
1986, 5, 2, 6,99
1986, 6,11, 7,99
1986, 7, 2, 8,99
1986, 7,20, 9,99
1986, 9, 1,10,99
1986, 9,11,11,99
1986, 9,20,12,99
1986, 9,21,15,99
1986, 9,23,13,99
1986, 9,26,14,99
1986,10,21,16,99
1987, 1,18,17,99
1987, 2, 3, 0,99
1987, 3,18, 1,99
1987, 3,20, 4,99
1987, 3,21, 2,99
1987, 3,24, 3,99
1987, 4,17, 5,99
1987, 5, 2, 6,99
1987, 6,11, 7,99
1987, 7, 2, 8,99
1987, 7,20, 9,99
1987, 9, 1,10,99
1987, 9,11,11,99
1987, 9,20,12,99
1987, 9,23,13,99
1987, 9,26,14,15
1987,10,21,16,99
1988, 1,18,17,99
1988, 2, 3, 0,99
1988, 3,17, 1,99
1988, 3,20, 2,99
1988, 3,23, 3,99
1988, 3,24, 4,99
1988, 4,17, 5,99
1988, 5, 1, 6,99
1988, 6,11, 7,99
1988, 7, 2, 8,99
1988, 7,19, 9,99
1988, 8,31,10,99
1988, 9,10,11,99
1988, 9,20,12,15
1988, 9,23,13,99
1988, 9,26,14,99
1988,10,20,16,99
1989, 1,17,17,99
1989, 2, 3, 0,99
1989, 3,18, 1,99
1989, 3,19, 4,99
1989, 3,21, 2,99
1989, 3,24, 3,99
1989, 4,17, 5,99
1989, 5, 2, 6,99
1989, 6,11, 7,99
1989, 7, 2, 8,99
1989, 7,20, 9,99
1989, 9, 1,10,99
1989, 9,11,11,99
1989, 9,20,12,99
1989, 9,23,13,99
1989, 9,25,15,99
1989, 9,26,14,99
1989,10,20,16,99
1990, 1,17,17,99
1990, 2, 3, 0,99
1990, 3,18, 1,99
1990, 3,21, 2,99
1990, 3,24, 3, 4
1990, 4,17, 5,99
1990, 5, 2, 6,99
1990, 6,11, 7,99
1990, 7, 2, 8,99
1990, 7,20, 9,99
1990, 9, 1,10,99
1990, 9,11,11,99
1990, 9,20,12,15
1990, 9,23,13,99
1990, 9,26,14,99
1990,10,21,16,99
1991, 2, 3, 0,99
1991, 3,18, 1,99
1991, 3,19, 4,99
1991, 3,21, 2,99
1991, 3,24, 3,99
1991, 4,17, 5,99
1991, 5, 2, 6,99
1991, 6,11, 7,99
1991, 7, 2, 8,99
1991, 7,20, 9,99
1991, 9, 1,10,99
1991, 9,11,11,99
1991, 9,20,12,99
1991, 9,23,13,99
1991, 9,25,15,99
1991, 9,26,14,99
1991,10,21,16,99
1992, 1,18,17,99
1992, 2, 3, 0,99
1992, 3,17, 1,99
1992, 3,20, 2,99
1992, 3,23, 3, 4
1992, 4,17, 5,99
1992, 5, 1, 6,99
1992, 6,11, 7,99
1992, 7, 1, 8,99
1992, 7,19, 9,99
1992, 8,31,10,99
1992, 9,10,11,99
1992, 9,19,15,99
1992, 9,20,12,99
1992, 9,23,13,99
1992, 9,26,14,99
1992,10,20,16,99
1993, 1,17,17,99
1993, 2, 3, 0,99
1993, 3,17, 1,99
1993, 3,18, 4,99
1993, 3,20, 2,99
1993, 3,23, 3,99
1993, 4,17, 5,99
1993, 5, 2, 6,99
1993, 6,11, 7,99
1993, 7, 2, 8,99
1993, 7,20, 9,99
1993, 9, 1,10,99
1993, 9,11,11,99
1993, 9,20,12,99
1993, 9,23,13,99
1993, 9,24,15,99
1993, 9,26,14,99
1993,10,20,16,99
1994, 1,17,17,99
1994, 2, 3, 0,99
1994, 3,18, 1,99
1994, 3,21, 2,99
1994, 3,23, 4,99
1994, 3,24, 3,99
1994, 4,17, 5,99
1994, 5, 2, 6,99
1994, 6,11, 7,99
1994, 7, 2, 8,99
1994, 7,20, 9,99
1994, 9, 1,10,99
1994, 9,11,11,99
1994, 9,19,15,99
1994, 9,20,12,99
1994, 9,23,13,99
1994, 9,26,14,99
1994,10,21,16,99
1995, 1,17,17,99
1995, 2, 3, 0,99
1995, 3,18, 1, 4
1995, 3,21, 2,99
1995, 3,24, 3,99
1995, 4,17, 5,99
1995, 5, 2, 6,99
1995, 6,11, 7,99
1995, 7, 2, 8,99
1995, 7,20, 9,99
1995, 9, 1,10,99
1995, 9,11,11,99
1995, 9,20,12,99
1995, 9,23,13,99
1995, 9,24,15,99
1995, 9,26,14,99
1995,10,21,16,99
1996, 1,18,17,99
1996, 2, 3, 0,99
1996, 3,17, 1,99
1996, 3,20, 2,99
1996, 3,22, 4,99
1996, 3,23, 3,99
1996, 4,17, 5,99
1996, 5, 1, 6,99
1996, 6,11, 7,99
1996, 7, 1, 8,99
1996, 7,19, 9,99
1996, 8,31,10,99
1996, 9,10,11,99
1996, 9,18,15,99
1996, 9,20,12,99
1996, 9,23,13,99
1996, 9,26,14,99
1996,10,20,16,99
1997, 1,17,17,99
1997, 2, 3, 0,99
1997, 3,17, 1, 4
1997, 3,20, 2,99
1997, 3,23, 3,99
1997, 4,17, 5,99
1997, 5, 2, 6,99
1997, 6,11, 7,99
1997, 7, 2, 8,99
1997, 7,20, 9,99
1997, 9, 1,10,99
1997, 9,11,11,99
1997, 9,20,12,99
1997, 9,23,13,15
1997, 9,26,14,99
1997,10,20,16,99
1998, 1,17,17,99
1998, 2, 3, 0,99
1998, 3,18, 1,99
1998, 3,21, 2,99
1998, 3,22, 4,99
1998, 3,24, 3,99
1998, 4,17, 5,99
1998, 5, 2, 6,99
1998, 6,11, 7,99
1998, 7, 2, 8,99
1998, 7,20, 9,99
1998, 9, 1,10,99
1998, 9,11,11,99
1998, 9,20,12,99
1998, 9,23,13,99
1998, 9,26,14,99
1998, 9,28,15,99
1998,10,20,16,99
1999, 1,17,17,99
1999, 2, 3, 0,99
1999, 3,17, 4,99
1999, 3,18, 1,99
1999, 3,21, 2,99
1999, 3,24, 3,99
1999, 4,17, 5,99
1999, 5, 2, 6,99
1999, 6,11, 7,99
1999, 7, 2, 8,99
1999, 7,20, 9,99
1999, 9, 1,10,99
1999, 9,11,11,99
1999, 9,20,12,99
1999, 9,23,13,15
1999, 9,26,14,99
1999,10,21,16,99
2000, 1,18,17,99
2000, 2, 3, 0,99
2000, 3,17, 1,99
2000, 3,20, 2,99
2000, 3,21, 4,99
2000, 3,23, 3,99
2000, 4,17, 5,99
2000, 5, 1, 6,99
2000, 6,10, 7,99
2000, 7, 1, 8,99
2000, 7,19, 9,99
2000, 8,31,10,99
2000, 9,10,11,99
2000, 9,20,12,99
2000, 9,23,13,99
2000, 9,26,14,99
2000, 9,27,15,99
2000,10,20,16,99
2001, 1,17,17,99
2001, 2, 3, 0,99
2001, 3,16, 4,99
2001, 3,17, 1,99
2001, 3,20, 2,99
2001, 3,23, 3,99
2001, 4,17, 5,99
2001, 5, 2, 6,99
2001, 6,11, 7,99
2001, 7, 2, 8,99
2001, 7,20, 9,99
2001, 9, 1,10,99
2001, 9,11,11,99
2001, 9,20,12,99
2001, 9,22,15,99
2001, 9,23,13,99
2001, 9,26,14,99
2001,10,20,16,99
2002, 1,17,17,99
2002, 2, 3, 0,99
2002, 3,18, 1,99
2002, 3,21, 2, 4
2002, 3,24, 3,99
2002, 4,17, 5,99
2002, 5, 2, 6,99
2002, 6,11, 7,99
2002, 7, 2, 8,99
2002, 7,20, 9,99
2002, 9, 1,10,99
2002, 9,11,11,99
2002, 9,20,12,99
2002, 9,23,13,99
2002, 9,26,14,99
2002, 9,27,15,99
2002,10,20,16,99
2003, 1,17,17,99
2003, 2, 3, 0,99
2003, 3,16, 4,99
2003, 3,18, 1,99
2003, 3,21, 2,99
2003, 3,24, 3,99
2003, 4,17, 5,99
2003, 5, 2, 6,99
2003, 6,11, 7,99
2003, 7, 2, 8,99
2003, 7,20, 9,99
2003, 9, 1,10,99
2003, 9,11,11,99
2003, 9,20,12,99
2003, 9,22,15,99
2003, 9,23,13,99
2003, 9,26,14,99
2003,10,21,16,99
2004, 1,18,17,99
2004, 2, 3, 0,99
2004, 3,17, 1,99
2004, 3,20, 2, 4
2004, 3,23, 3,99
2004, 4,17, 5,99
2004, 5, 1, 6,99
2004, 6,10, 7,99
2004, 7, 1, 8,99
2004, 7,19, 9,99
2004, 8,31,10,99
2004, 9,10,11,99
2004, 9,20,12,99
2004, 9,23,13,99
2004, 9,26,14,15
2004,10,20,16,99
2005, 1,17,17,99
2005, 2, 3, 0,99
2005, 3,17, 1,99
2005, 3,20, 2,99
2005, 3,23, 3,99
2005, 3,25, 4,99
2005, 4,17, 5,99
2005, 5, 2, 6,99
2005, 6,11, 7,99
2005, 7, 2, 8,99
2005, 7,19, 9,99
2005, 9, 1,10,99
2005, 9,11,11,99
2005, 9,20,12,99
2005, 9,21,15,99
2005, 9,23,13,99
2005, 9,26,14,99
2005,10,20,16,99
2006, 1,17,17,99
2006, 2, 3, 0,99
2006, 3,18, 1,99
2006, 3,20, 4,99
2006, 3,21, 2,99
2006, 3,24, 3,99
2006, 4,17, 5,99
2006, 5, 2, 6,99
2006, 6,11, 7,99
2006, 7, 2, 8,99
2006, 7,20, 9,99
2006, 9, 1,10,99
2006, 9,11,11,99
2006, 9,20,12,99
2006, 9,23,13,99
2006, 9,26,14,15
2006,10,20,16,99
2007, 1,17,17,99
2007, 2, 3, 0,99
2007, 3,18, 1,99
2007, 3,21, 2,99
2007, 3,24, 3,99
2007, 3,25, 4,99
2007, 4,17, 5,99
2007, 5, 2, 6,99
2007, 6,11, 7,99
2007, 7, 2, 8,99
2007, 7,20, 9,99
2007, 9, 1,10,99
2007, 9,11,11,99
2007, 9,20,12,99
2007, 9,21,15,99
2007, 9,23,13,99
2007, 9,26,14,99
2007,10,21,16,99
2008, 1,18,17,99
2008, 2, 3, 0,99
2008, 3,17, 1,99
2008, 3,19, 4,99
2008, 3,20, 2,99
2008, 3,23, 3,99
2008, 4,17, 5,99
2008, 5, 1, 6,99
2008, 6,10, 7,99
2008, 7, 1, 8,99
2008, 7,19, 9,99
2008, 8,31,10,99
2008, 9,10,11,99
2008, 9,20,12,99
2008, 9,23,13,99
2008, 9,25,15,99
2008, 9,26,14,99
2008,10,20,16,99
2009, 1,17,17,99
2009, 2, 3, 0,99
2009, 3,17, 1,99
2009, 3,20, 2,99
2009, 3,23, 3,99
2009, 3,24, 4,99
2009, 4,17, 5,99
2009, 5, 2, 6,99
2009, 6,11, 7,99
2009, 7, 2, 8,99
2009, 7,19, 9,99
2009, 9, 1,10,99
2009, 9,11,11,99
2009, 9,20,12,15
2009, 9,23,13,99
2009, 9,26,14,99
2009,10,20,16,99
2010, 1,17,17,99
2010, 2, 3, 0,99
2010, 3,18, 1,99
2010, 3,19, 4,99
2010, 3,21, 2,99
2010, 3,24, 3,99
2010, 4,17, 5,99
2010, 5, 2, 6,99
2010, 6,11, 7,99
2010, 7, 2, 8,99
2010, 7,20, 9,99
2010, 9, 1,10,99
2010, 9,11,11,99
2010, 9,20,12,99
2010, 9,23,13,99
2010, 9,25,15,99
2010, 9,26,14,99
2010,10,20,16,99
2011, 1,17,17,99
2011, 2, 3, 0,99
2011, 3,18, 1,99
2011, 3,21, 2,99
2011, 3,24, 3, 4
2011, 4,17, 5,99
2011, 5, 2, 6,99
2011, 6,11, 7,99
2011, 7, 2, 8,99
2011, 7,20, 9,99
2011, 9, 1,10,99
2011, 9,11,11,99
2011, 9,20,12,15
2011, 9,23,13,99
2011, 9,26,14,99
2011,10,21,16,99
2012, 1,18,17,99
2012, 2, 3, 0,99
2012, 3,17, 1,99
2012, 3,18, 4,99
2012, 3,20, 2,99
2012, 3,23, 3,99
2012, 4,16, 5,99
2012, 5, 1, 6,99
2012, 6,10, 7,99
2012, 7, 1, 8,99
2012, 7,19, 9,99
2012, 8,31,10,99
2012, 9,10,11,99
2012, 9,19,12,99
2012, 9,22,13,99
2012, 9,24,15,99
2012, 9,25,14,99
2012,10,20,16,99
2013, 1,17,17,99
2013, 2, 3, 0,99
2013, 3,17, 1,99
2013, 3,20, 2,99
2013, 3,23, 3, 4
2013, 4,17, 5,99
2013, 5, 2, 6,99
2013, 6,11, 7,99
2013, 7, 2, 8,99
2013, 7,19, 9,99
2013, 9, 1,10,99
2013, 9,11,11,99
2013, 9,19,15,99
2013, 9,20,12,99
2013, 9,23,13,99
2013, 9,26,14,99
2013,10,20,16,99
2014, 1,17,17,99
2014, 2, 3, 0,99
2014, 3,18, 1, 4
2014, 3,21, 2,99
2014, 3,24, 3,99
2014, 4,17, 5,99
2014, 5, 2, 6,99
2014, 6,11, 7,99
2014, 7, 2, 8,99
2014, 7,20, 9,99
2014, 9, 1,10,99
2014, 9,11,11,99
2014, 9,20,12,99
2014, 9,23,13,99
2014, 9,24,15,99
2014, 9,26,14,99
2014,10,20,16,99
2015, 1,17,17,99
2015, 2, 3, 0,99
2015, 3,18, 1,99
2015, 3,21, 2,99
2015, 3,23, 4,99
2015, 3,24, 3,99
2015, 4,17, 5,99
2015, 5, 2, 6,99
2015, 6,11, 7,99
2015, 7, 2, 8,99
2015, 7,20, 9,99
2015, 9, 1,10,99
2015, 9,11,11,99
2015, 9,19,15,99
2015, 9,20,12,99
2015, 9,23,13,99
2015, 9,26,14,99
2015,10,21,16,99
2016, 1,18,17,99
2016, 2, 3, 0,99
2016, 3,17, 1, 4
2016, 3,20, 2,99
2016, 3,23, 3,99
2016, 4,16, 5,99
2016, 5, 1, 6,99
2016, 6,10, 7,99
2016, 7, 1, 8,99
2016, 7,19, 9,99
2016, 8,31,10,99
2016, 9,10,11,99
2016, 9,19,12,99
2016, 9,22,13,99
2016, 9,23,15,99
2016, 9,25,14,99
2016,10,20,16,99
2017, 1,17,17,99
2017, 2, 3, 0,99
2017, 3,17, 1,99
2017, 3,20, 2,99
2017, 3,22, 4,99
2017, 3,23, 3,99
2017, 4,17, 5,99
2017, 5, 2, 6,99
2017, 6,11, 7,99
2017, 7, 2, 8,99
2017, 7,19, 9,99
2017, 9, 1,10,99
2017, 9,11,11,99
2017, 9,18,15,99
2017, 9,20,12,99
2017, 9,23,13,99
2017, 9,26,14,99
2017,10,20,16,99
2018, 1,17,17,99
2018, 2, 3, 0,99
2018, 3,17, 4,99
2018, 3,18, 1,99
2018, 3,21, 2,99
2018, 3,24, 3,99
2018, 4,17, 5,99
2018, 5, 2, 6,99
2018, 6,11, 7,99
2018, 7, 2, 8,99
2018, 7,20, 9,99
2018, 9, 1,10,99
2018, 9,11,11,99
2018, 9,20,12,99
2018, 9,23,13,15
2018, 9,26,14,99
2018,10,20,16,99
2019, 1,17,17,99
2019, 2, 3, 0,99
2019, 3,18, 1,99
2019, 3,21, 2,99
2019, 3,22, 4,99
2019, 3,24, 3,99
2019, 4,17, 5,99
2019, 5, 2, 6,99
2019, 6,11, 7,99
2019, 7, 2, 8,99
2019, 7,20, 9,99
2019, 9, 1,10,99
2019, 9,11,11,99
2019, 9,20,12,99
2019, 9,23,13,99
2019, 9,26,14,99
2019, 9,28,15,99
2019,10,21,16,99
2020, 1,18,17,99
2020, 2, 3, 0,99
2020, 3,16, 4,99
2020, 3,17, 1,99
2020, 3,20, 2,99
2020, 3,23, 3,99
2020, 4,16, 5,99
2020, 5, 1, 6,99
2020, 6,10, 7,99
2020, 7, 1, 8,99
2020, 7,19, 9,99
2020, 8,31,10,99
2020, 9,10,11,99
2020, 9,19,12,99
2020, 9,22,13,15
2020, 9,25,14,99
2020,10,20,16,99
2021, 1,17,17,99
2021, 2, 2, 0,99
2021, 3,17, 1,99
2021, 3,20, 2,99
2021, 3,21, 4,99
2021, 3,23, 3,99
2021, 4,17, 5,99
2021, 5, 1, 6,99
2021, 6,11, 7,99
2021, 7, 2, 8,99
2021, 7,19, 9,99
2021, 8,31,10,99
2021, 9,10,11,99
2021, 9,20,12,99
2021, 9,23,13,99
2021, 9,26,14,99
2021, 9,27,15,99
2021,10,20,16,99
2022, 1,17,17,99
2022, 2, 3, 0,99
2022, 3,16, 4,99
2022, 3,18, 1,99
2022, 3,21, 2,99
2022, 3,24, 3,99
2022, 4,17, 5,99
2022, 5, 2, 6,99
2022, 6,11, 7,99
2022, 7, 2, 8,99
2022, 7,20, 9,99
2022, 9, 1,10,99
2022, 9,11,11,99
2022, 9,20,12,99
2022, 9,22,15,99
2022, 9,23,13,99
2022, 9,26,14,99
2022,10,20,16,99
2023, 1,17,17,99
2023, 2, 3, 0,99
2023, 3,18, 1,99
2023, 3,21, 2, 4
2023, 3,24, 3,99
2023, 4,17, 5,99
2023, 5, 2, 6,99
2023, 6,11, 7,99
2023, 7, 2, 8,99
2023, 7,20, 9,99
2023, 9, 1,10,99
2023, 9,11,11,99
2023, 9,20,12,99
2023, 9,23,13,99
2023, 9,26,14,99
2023, 9,27,15,99
2023,10,21,16,99
2024, 2, 3, 0,99
2024, 3,17, 1,99
2024, 3,20, 2,99
2024, 3,23, 3,99
2024, 3,25, 4,99
2024, 4,16, 5,99
2024, 5, 1, 6,99
2024, 6,10, 7,99
2024, 7, 1, 8,99
2024, 7,19, 9,99
2024, 8,31,10,99
2024, 9,10,11,99
2024, 9,19,12,99
2024, 9,21,15,99
2024, 9,22,13,99
2024, 9,25,14,99
2024,10,20,16,99
2025, 1,17,17,99
2025, 2, 2, 0,99
2025, 3,17, 1,99
2025, 3,20, 2, 4
2025, 3,23, 3,99
2025, 4,17, 5,99
2025, 5, 1, 6,99
2025, 6,11, 7,99
2025, 7, 1, 8,99
2025, 7,19, 9,99
2025, 8,31,10,99
2025, 9,10,11,99
2025, 9,20,12,99
2025, 9,23,13,99
2025, 9,26,14,15
2025,10,20,16,99
2026, 1,17,17,99
2026, 2, 3, 0,99
2026, 3,17, 1,99
2026, 3,20, 2,99
2026, 3,23, 3,99
2026, 3,25, 4,99
2026, 4,17, 5,99
2026, 5, 2, 6,99
2026, 6,11, 7,99
2026, 7, 2, 8,99
2026, 7,20, 9,99
2026, 9, 1,10,99
2026, 9,11,11,99
2026, 9,20,12,99
2026, 9,21,15,99
2026, 9,23,13,99
2026, 9,26,14,99
2026,10,20,16,99
2027, 1,17,17,99
2027, 2, 3, 0,99
2027, 3,18, 1,99
2027, 3,20, 4,99
2027, 3,21, 2,99
2027, 3,24, 3,99
2027, 4,17, 5,99
2027, 5, 2, 6,99
2027, 6,11, 7,99
2027, 7, 2, 8,99
2027, 7,20, 9,99
2027, 9, 1,10,99
2027, 9,11,11,99
2027, 9,20,12,99
2027, 9,23,13,99
2027, 9,26,14,15
2027,10,21,16,99
2028, 1,17,17,99
2028, 2, 3, 0,99
2028, 3,17, 1,99
2028, 3,20, 2,99
2028, 3,23, 3,99
2028, 3,24, 4,99
2028, 4,16, 5,99
2028, 5, 1, 6,99
2028, 6,10, 7,99
2028, 7, 1, 8,99
2028, 7,19, 9,99
2028, 8,31,10,99
2028, 9,10,11,99
2028, 9,19,12,99
2028, 9,20,15,99
2028, 9,22,13,99
2028, 9,25,14,99
2028,10,20,16,99
2029, 1,17,17,99
2029, 2, 2, 0,99
2029, 3,17, 1,99
2029, 3,19, 4,99
2029, 3,20, 2,99
2029, 3,23, 3,99
2029, 4,17, 5,99
2029, 5, 1, 6,99
2029, 6,10, 7,99
2029, 7, 1, 8,99
2029, 7,19, 9,99
2029, 8,31,10,99
2029, 9,10,11,99
2029, 9,20,12,99
2029, 9,23,13,99
2029, 9,25,15,99
2029, 9,26,14,99
2029,10,20,16,99
2030, 1,17,17,99
2030, 2, 3, 0,99
2030, 3,17, 1,99
2030, 3,20, 2,99
2030, 3,23, 3,99
2030, 3,24, 4,99
2030, 4,17, 5,99
2030, 5, 2, 6,99
2030, 6,11, 7,99
2030, 7, 2, 8,99
2030, 7,19, 9,99
2030, 9, 1,10,99
2030, 9,11,11,99
2030, 9,20,12,15
2030, 9,23,13,99
2030, 9,26,14,99
2030,10,20,16,99
2031, 1,17,17,99
2031, 2, 3, 0,99
2031, 3,18, 1,99
2031, 3,19, 4,99
2031, 3,21, 2,99
2031, 3,24, 3,99
2031, 4,17, 5,99
2031, 5, 2, 6,99
2031, 6,11, 7,99
2031, 7, 2, 8,99
2031, 7,20, 9,99
2031, 9, 1,10,99
2031, 9,11,11,99
2031, 9,20,12,99
2031, 9,23,13,99
2031, 9,25,15,99
2031, 9,26,14,99
2031,10,20,16,99
2032, 1,17,17,99
2032, 2, 3, 0,99
2032, 3,17, 1,99
2032, 3,20, 2,99
2032, 3,23, 3, 4
2032, 4,16, 5,99
2032, 5, 1, 6,99
2032, 6,10, 7,99
2032, 7, 1, 8,99
2032, 7,19, 9,99
2032, 8,31,10,99
2032, 9,10,11,99
2032, 9,19,12,15
2032, 9,22,13,99
2032, 9,25,14,99
2032,10,20,16,99
2033, 1,17,17,99
2033, 2, 2, 0,99
2033, 3,17, 1,99
2033, 3,18, 4,99
2033, 3,20, 2,99
2033, 3,23, 3,99
2033, 4,17, 5,99
2033, 5, 1, 6,99
2033, 6,10, 7,99
2033, 7, 1, 8,99
2033, 7,19, 9,99
2033, 8,31,10,99
2033, 9,10,11,99
2033, 9,20,12,99
2033, 9,23,13,99
2033, 9,24,15,99
2033, 9,26,14,99
2033,10,20,16,99
2034, 1,17,17,99
2034, 2, 3, 0,99
2034, 3,17, 1,99
2034, 3,20, 2,99
2034, 3,23, 3, 4
2034, 4,17, 5,99
2034, 5, 2, 6,99
2034, 6,11, 7,99
2034, 7, 2, 8,99
2034, 7,19, 9,99
2034, 9, 1,10,99
2034, 9,11,11,99
2034, 9,19,15,99
2034, 9,20,12,99
2034, 9,23,13,99
2034, 9,26,14,99
2034,10,20,16,99
2035, 1,17,17,99
2035, 2, 3, 0,99
2035, 3,18, 1, 4
2035, 3,21, 2,99
2035, 3,24, 3,99
2035, 4,17, 5,99
2035, 5, 2, 6,99
2035, 6,11, 7,99
2035, 7, 2, 8,99
2035, 7,20, 9,99
2035, 9, 1,10,99
2035, 9,11,11,99
2035, 9,20,12,99
2035, 9,23,13,99
2035, 9,24,15,99
2035, 9,26,14,99
2035,10,20,16,99
2036, 1,17,17,99
2036, 2, 3, 0,99
2036, 3,17, 1,99
2036, 3,20, 2,99
2036, 3,22, 4,99
2036, 3,23, 3,99
2036, 4,16, 5,99
2036, 5, 1, 6,99
2036, 6,10, 7,99
2036, 7, 1, 8,99
2036, 7,19, 9,99
2036, 8,31,10,99
2036, 9,10,11,99
2036, 9,18,15,99
2036, 9,19,12,99
2036, 9,22,13,99
2036, 9,25,14,99
2036,10,20,16,99
2037, 1,17,17,99
2037, 2, 2, 0,99
2037, 3,17, 1, 4
2037, 3,20, 2,99
2037, 3,23, 3,99
2037, 4,17, 5,99
2037, 5, 1, 6,99
2037, 6,10, 7,99
2037, 7, 1, 8,99
2037, 7,19, 9,99
2037, 8,31,10,99
2037, 9,10,11,99
2037, 9,20,12,99
2037, 9,23,13,15
2037, 9,26,14,99
2037,10,20,16,99
2038, 1,17,17,99
2038, 2, 3, 0,99
2038, 3,17, 1,99
2038, 3,20, 2,99
2038, 3,22, 4,99
2038, 3,23, 3,99
2038, 4,17, 5,99
2038, 5, 2, 6,99
2038, 6,11, 7,99
2038, 7, 2, 8,99
2038, 7,19, 9,99
2038, 9, 1,10,99
2038, 9,11,11,99
2038, 9,18,15,99
2038, 9,20,12,99
2038, 9,23,13,99
2038, 9,26,14,99
2038,10,20,16,99
2039, 1,17,17,99
2039, 2, 3, 0,99
2039, 3,17, 4,99
2039, 3,18, 1,99
2039, 3,21, 2,99
2039, 3,24, 3,99
2039, 4,17, 5,99
2039, 5, 2, 6,99
2039, 6,11, 7,99
2039, 7, 2, 8,99
2039, 7,20, 9,99
2039, 9, 1,10,99
2039, 9,11,11,99
2039, 9,20,12,99
2039, 9,23,13,15
2039, 9,26,14,99
2039,10,20,16,99
2040, 1,17,17,99
2040, 2, 3, 0,99
2040, 3,17, 1,99
2040, 3,20, 2,99
2040, 3,21, 4,99
2040, 3,23, 3,99
2040, 4,16, 5,99
2040, 5, 1, 6,99
2040, 6,10, 7,99
2040, 7, 1, 8,99
2040, 7,19, 9,99
2040, 8,31,10,99
2040, 9,10,11,99
2040, 9,19,12,99
2040, 9,22,13,99
2040, 9,25,14,99
2040, 9,27,15,99
2040,10,20,16,99
2041, 1,17,17,99
2041, 2, 2, 0,99
2041, 3,16, 4,99
2041, 3,17, 1,99
2041, 3,20, 2,99
2041, 3,23, 3,99
2041, 4,17, 5,99
2041, 5, 1, 6,99
2041, 6,10, 7,99
2041, 7, 1, 8,99
2041, 7,19, 9,99
2041, 8,31,10,99
2041, 9,10,11,99
2041, 9,20,12,99
2041, 9,22,15,99
2041, 9,23,13,99
2041, 9,26,14,99
2041,10,20,16,99
2042, 1,17,17,99
2042, 2, 3, 0,99
2042, 3,17, 1,99
2042, 3,20, 2,99
2042, 3,21, 4,99
2042, 3,23, 3,99
2042, 4,17, 5,99
2042, 5, 2, 6,99
2042, 6,11, 7,99
2042, 7, 2, 8,99
2042, 7,19, 9,99
2042, 9, 1,10,99
2042, 9,11,11,99
2042, 9,20,12,99
2042, 9,23,13,99
2042, 9,26,14,99
2042, 9,27,15,99
2042,10,20,16,99
2043, 1,17,17,99
2043, 2, 3, 0,99
2043, 3,16, 4,99
2043, 3,18, 1,99
2043, 3,21, 2,99
2043, 3,24, 3,99
2043, 4,17, 5,99
2043, 5, 2, 6,99
2043, 6,11, 7,99
2043, 7, 2, 8,99
2043, 7,20, 9,99
2043, 9, 1,10,99
2043, 9,11,11,99
2043, 9,20,12,99
2043, 9,22,15,99
2043, 9,23,13,99
2043, 9,26,14,99
2043,10,20,16,99
2044, 1,17,17,99
2044, 2, 3, 0,99
2044, 3,17, 1,99
2044, 3,20, 2, 4
2044, 3,23, 3,99
2044, 4,16, 5,99
2044, 5, 1, 6,99
2044, 6,10, 7,99
2044, 7, 1, 8,99
2044, 7,19, 9,99
2044, 8,31,10,99
2044, 9,10,11,99
2044, 9,19,12,99
2044, 9,22,13,99
2044, 9,25,14,99
2044, 9,26,15,99
2044,10,20,16,99
2045, 1,17,17,99
2045, 2, 2, 0,99
2045, 3,17, 1,99
2045, 3,20, 2,99
2045, 3,23, 3,99
2045, 3,25, 4,99
2045, 4,16, 5,99
2045, 5, 1, 6,99
2045, 6,10, 7,99
2045, 7, 1, 8,99
2045, 7,19, 9,99
2045, 8,31,10,99
2045, 9,10,11,99
2045, 9,19,12,99
2045, 9,21,15,99
2045, 9,22,13,99
2045, 9,25,14,99
2045,10,20,16,99
2046, 1,17,17,99
2046, 2, 3, 0,99
2046, 3,17, 1,99
2046, 3,20, 2, 4
2046, 3,23, 3,99
2046, 4,17, 5,99
2046, 5, 2, 6,99
2046, 6,11, 7,99
2046, 7, 2, 8,99
2046, 7,19, 9,99
2046, 9, 1,10,99
2046, 9,11,11,99
2046, 9,20,12,99
2046, 9,23,13,99
2046, 9,26,14,15
2046,10,20,16,99
2047, 1,17,17,99
2047, 2, 3, 0,99
2047, 3,18, 1,99
2047, 3,21, 2,99
2047, 3,24, 3,99
2047, 3,25, 4,99
2047, 4,17, 5,99
2047, 5, 2, 6,99
2047, 6,11, 7,99
2047, 7, 2, 8,99
2047, 7,20, 9,99
2047, 9, 1,10,99
2047, 9,11,11,99
2047, 9,20,12,99
2047, 9,21,15,99
2047, 9,23,13,99
2047, 9,26,14,99
2047,10,20,16,99
2048, 1,17,17,99
2048, 2, 3, 0,99
2048, 3,17, 1,99
2048, 3,19, 4,99
2048, 3,20, 2,99
2048, 3,23, 3,99
2048, 4,16, 5,99
2048, 5, 1, 6,99
2048, 6,10, 7,99
2048, 7, 1, 8,99
2048, 7,19, 9,99
2048, 8,31,10,99
2048, 9,10,11,99
2048, 9,19,12,99
2048, 9,22,13,99
2048, 9,25,14,15
2048,10,20,16,99
2049, 1,17,17,99
2049, 2, 2, 0,99
2049, 3,17, 1,99
2049, 3,20, 2,99
2049, 3,23, 3,99
2049, 3,24, 4,99
2049, 4,16, 5,99
2049, 5, 1, 6,99
2049, 6,10, 7,99
2049, 7, 1, 8,99
2049, 7,19, 9,99
2049, 8,31,10,99
2049, 9,10,11,99
2049, 9,19,12,99
2049, 9,20,15,99
2049, 9,22,13,99
2049, 9,25,14,99
2049,10,20,16,99
2050, 1,17,17,99
2050, 2, 3, 0,99
2050, 3,17, 1,99
2050, 3,19, 4,99
2050, 3,20, 2,99
2050, 3,23, 3,99
2050, 4,17, 5,99
2050, 5, 2, 6,99
2050, 6,11, 7,99
2050, 7, 2, 8,99
2050, 7,19, 9,99
2050, 9, 1,10,99
2050, 9,11,11,99
2050, 9,20,12,99
2050, 9,23,13,99
2050, 9,25,15,99
2050, 9,26,14,99
2050,10,20,16,99
2051, 1,17,17,99
2051, 2, 3, 0,99
2051, 3,18, 1,99
2051, 3,21, 2,99
2051, 3,24, 3, 4
2051, 4,17, 5,99
2051, 5, 2, 6,99
2051, 6,11, 7,99
2051, 7, 2, 8,99
2051, 7,20, 9,99
2051, 9, 1,10,99
2051, 9,11,11,99
2051, 9,20,12,15
2051, 9,23,13,99
2051, 9,26,14,99
2051,10,20,16,99
2052, 1,17,17,99
2052, 2, 3, 0,99
2052, 3,17, 1,99
2052, 3,18, 4,99
2052, 3,20, 2,99
2052, 3,23, 3,99
2052, 4,16, 5,99
2052, 5, 1, 6,99
2052, 6,10, 7,99
2052, 7, 1, 8,99
2052, 7,19, 9,99
2052, 8,31,10,99
2052, 9,10,11,99
2052, 9,19,12,99
2052, 9,22,13,99
2052, 9,24,15,99
2052, 9,25,14,99
2052,10,20,16,99
2053, 1,17,17,99
2053, 2, 2, 0,99
2053, 3,17, 1,99
2053, 3,20, 2,99
2053, 3,23, 3, 4
2053, 4,16, 5,99
2053, 5, 1, 6,99
2053, 6,10, 7,99
2053, 7, 1, 8,99
2053, 7,19, 9,99
2053, 8,31,10,99
2053, 9,10,11,99
2053, 9,19,12,15
2053, 9,22,13,99
2053, 9,25,14,99
2053,10,20,16,99
2054, 1,17,17,99
2054, 2, 3, 0,99
2054, 3,17, 1,99
2054, 3,18, 4,99
2054, 3,20, 2,99
2054, 3,23, 3,99
2054, 4,17, 5,99
2054, 5, 2, 6,99
2054, 6,11, 7,99
2054, 7, 1, 8,99
2054, 7,19, 9,99
2054, 9, 1,10,99
2054, 9,11,11,99
2054, 9,20,12,99
2054, 9,23,13,99
2054, 9,24,15,99
2054, 9,26,14,99
2054,10,20,16,99
2055, 1,17,17,99
2055, 2, 3, 0,99
2055, 3,18, 1,99
2055, 3,21, 2,99
2055, 3,23, 4,99
2055, 3,24, 3,99
2055, 4,17, 5,99
2055, 5, 2, 6,99
2055, 6,11, 7,99
2055, 7, 2, 8,99
2055, 7,20, 9,99
2055, 9, 1,10,99
2055, 9,11,11,99
2055, 9,19,15,99
2055, 9,20,12,99
2055, 9,23,13,99
2055, 9,26,14,99
2055,10,20,16,99
2056, 1,17,17,99
2056, 2, 3, 0,99
2056, 3,17, 1, 4
2056, 3,20, 2,99
2056, 3,23, 3,99
2056, 4,16, 5,99
2056, 5, 1, 6,99
2056, 6,10, 7,99
2056, 7, 1, 8,99
2056, 7,19, 9,99
2056, 8,31,10,99
2056, 9,10,11,99
2056, 9,19,12,99
2056, 9,22,13,99
2056, 9,23,15,99
2056, 9,25,14,99
2056,10,20,16,99
2057, 1,17,17,99
2057, 2, 2, 0,99
2057, 3,17, 1,99
2057, 3,20, 2,99
2057, 3,22, 4,99
2057, 3,23, 3,99
2057, 4,16, 5,99
2057, 5, 1, 6,99
2057, 6,10, 7,99
2057, 7, 1, 8,99
2057, 7,19, 9,99
2057, 8,31,10,99
2057, 9,10,11,99
2057, 9,18,15,99
2057, 9,19,12,99
2057, 9,22,13,99
2057, 9,25,14,99
2057,10,20,16,99
2058, 1,17,17,99
2058, 2, 2, 0,99
2058, 3,17, 1, 4
2058, 3,20, 2,99
2058, 3,23, 3,99
2058, 4,17, 5,99
2058, 5, 1, 6,99
2058, 6,10, 7,99
2058, 7, 1, 8,99
2058, 7,19, 9,99
2058, 8,31,10,99
2058, 9,10,11,99
2058, 9,20,12,99
2058, 9,23,13,15
2058, 9,26,14,99
2058,10,20,16,99
2059, 1,17,17,99
2059, 2, 3, 0,99
2059, 3,17, 1,99
2059, 3,20, 2,99
2059, 3,22, 4,99
2059, 3,23, 3,99
2059, 4,17, 5,99
2059, 5, 2, 6,99
2059, 6,11, 7,99
2059, 7, 2, 8,99
2059, 7,20, 9,99
2059, 9, 1,10,99
2059, 9,11,11,99
2059, 9,18,15,99
2059, 9,20,12,99
2059, 9,23,13,99
2059, 9,26,14,99
2059,10,20,16,99
2060, 1,17,17,99
2060, 2, 3, 0,99
2060, 3,16, 4,99
2060, 3,17, 1,99
2060, 3,20, 2,99
2060, 3,23, 3,99
2060, 4,16, 5,99
2060, 5, 1, 6,99
2060, 6,10, 7,99
2060, 7, 1, 8,99
2060, 7,19, 9,99
2060, 8,31,10,99
2060, 9,10,11,99
2060, 9,19,12,99
2060, 9,22,13,15
2060, 9,25,14,99
2060,10,20,16,99
2061, 2, 2, 0,99
2061, 3,17, 1,99
2061, 3,20, 2,99
2061, 3,21, 4,99
2061, 3,23, 3,99
2061, 4,16, 5,99
2061, 5, 1, 6,99
2061, 6,10, 7,99
2061, 7, 1, 8,99
2061, 7,19, 9,99
2061, 8,31,10,99
2061, 9,10,11,99
2061, 9,19,12,99
2061, 9,22,13,99
2061, 9,25,14,99
2061, 9,27,15,99
2061,10,20,16,99
2062, 1,17,17,99
2062, 2, 2, 0,99
2062, 3,16, 4,99
2062, 3,17, 1,99
2062, 3,20, 2,99
2062, 3,23, 3,99
2062, 4,17, 5,99
2062, 5, 1, 6,99
2062, 6,10, 7,99
2062, 7, 1, 8,99
2062, 7,19, 9,99
2062, 8,31,10,99
2062, 9,10,11,99
2062, 9,20,12,99
2062, 9,22,15,99
2062, 9,23,13,99
2062, 9,26,14,99
2062,10,20,16,99
2063, 1,17,17,99
2063, 2, 3, 0,99
2063, 3,17, 1,99
2063, 3,20, 2,99
2063, 3,21, 4,99
2063, 3,23, 3,99
2063, 4,17, 5,99
2063, 5, 2, 6,99
2063, 6,11, 7,99
2063, 7, 2, 8,99
2063, 7,19, 9,99
2063, 9, 1,10,99
2063, 9,11,11,99
2063, 9,20,12,99
2063, 9,23,13,99
2063, 9,26,14,99
2063, 9,27,15,99
2063,10,20,16,99
2064, 1,17,17,99
2064, 2, 3, 0,99
2064, 3,15, 4,99
2064, 3,17, 1,99
2064, 3,20, 2,99
2064, 3,23, 3,99
2064, 4,16, 5,99
2064, 5, 1, 6,99
2064, 6,10, 7,99
2064, 7, 1, 8,99
2064, 7,19, 9,99
2064, 8,31,10,99
2064, 9,10,11,99
2064, 9,19,12,99
2064, 9,21,15,99
2064, 9,22,13,99
2064, 9,25,14,99
2064,10,19,16,99
2065, 1,16,17,99
2065, 2, 2, 0,99
2065, 3,17, 1,99
2065, 3,20, 2, 4
2065, 3,23, 3,99
2065, 4,16, 5,99
2065, 5, 1, 6,99
2065, 6,10, 7,99
2065, 7, 1, 8,99
2065, 7,19, 9,99
2065, 8,31,10,99
2065, 9,10,11,99
2065, 9,19,12,99
2065, 9,22,13,99
2065, 9,25,14,99
2065, 9,26,15,99
2065,10,20,16,99
2066, 1,17,17,99
2066, 2, 2, 0,99
2066, 3,17, 1,99
2066, 3,20, 2,99
2066, 3,23, 3,99
2066, 3,25, 4,99
2066, 4,17, 5,99
2066, 5, 1, 6,99
2066, 6,10, 7,99
2066, 7, 1, 8,99
2066, 7,19, 9,99
2066, 8,31,10,99
2066, 9,10,11,99
2066, 9,20,12,99
2066, 9,21,15,99
2066, 9,23,13,99
2066, 9,26,14,99
2066,10,20,16,99
2067, 1,17,17,99
2067, 2, 3, 0,99
2067, 3,17, 1,99
2067, 3,20, 2, 4
2067, 3,23, 3,99
2067, 4,17, 5,99
2067, 5, 2, 6,99
2067, 6,11, 7,99
2067, 7, 2, 8,99
2067, 7,19, 9,99
2067, 9, 1,10,99
2067, 9,11,11,99
2067, 9,20,12,99
2067, 9,23,13,99
2067, 9,26,14,15
2067,10,20,16,99
2068, 1,17,17,99
2068, 2, 3, 0,99
2068, 3,17, 1,99
2068, 3,20, 2,99
2068, 3,23, 3,99
2068, 3,24, 4,99
2068, 4,16, 5,99
2068, 5, 1, 6,99
2068, 6,10, 7,99
2068, 7, 1, 8,99
2068, 7,19, 9,99
2068, 8,31,10,99
2068, 9,10,11,99
2068, 9,19,12,99
2068, 9,20,15,99
2068, 9,22,13,99
2068, 9,25,14,99
2068,10,19,16,99
2069, 1,16,17,99
2069, 2, 2, 0,99
2069, 3,17, 1,99
2069, 3,19, 4,99
2069, 3,20, 2,99
2069, 3,23, 3,99
2069, 4,16, 5,99
2069, 5, 1, 6,99
2069, 6,10, 7,99
2069, 7, 1, 8,99
2069, 7,19, 9,99
2069, 8,31,10,99
2069, 9,10,11,99
2069, 9,19,12,99
2069, 9,22,13,99
2069, 9,25,14,15
2069,10,20,16,99
2070, 1,17,17,99
2070, 2, 2, 0,99
2070, 3,17, 1,99
2070, 3,20, 2,99
2070, 3,23, 3,99
2070, 3,24, 4,99
2070, 4,17, 5,99
2070, 5, 1, 6,99
2070, 6,10, 7,99
2070, 7, 1, 8,99
2070, 7,19, 9,99
2070, 8,31,10,99
2070, 9,10,11,99
2070, 9,20,12,15
2070, 9,23,13,99
2070, 9,26,14,99
2070,10,20,16,99
2071, 1,17,17,99
2071, 2, 3, 0,99
2071, 3,17, 1,99
2071, 3,19, 4,99
2071, 3,20, 2,99
2071, 3,23, 3,99
2071, 4,17, 5,99
2071, 5, 2, 6,99
2071, 6,11, 7,99
2071, 7, 2, 8,99
2071, 7,19, 9,99
2071, 9, 1,10,99
2071, 9,11,11,99
2071, 9,20,12,99
2071, 9,23,13,99
2071, 9,25,15,99
2071, 9,26,14,99
2071,10,20,16,99
2072, 1,17,17,99
2072, 2, 3, 0,99
2072, 3,17, 1,99
2072, 3,20, 2,99
2072, 3,23, 3, 4
2072, 4,16, 5,99
2072, 5, 1, 6,99
2072, 6,10, 7,99
2072, 7, 1, 8,99
2072, 7,19, 9,99
2072, 8,31,10,99
2072, 9,10,11,99
2072, 9,19,12,15
2072, 9,22,13,99
2072, 9,25,14,99
2072,10,19,16,99
2073, 1,16,17,99
2073, 2, 2, 0,99
2073, 3,17, 1,99
2073, 3,18, 4,99
2073, 3,20, 2,99
2073, 3,23, 3,99
2073, 4,16, 5,99
2073, 5, 1, 6,99
2073, 6,10, 7,99
2073, 7, 1, 8,99
2073, 7,19, 9,99
2073, 8,31,10,99
2073, 9,10,11,99
2073, 9,19,12,99
2073, 9,22,13,99
2073, 9,24,15,99
2073, 9,25,14,99
2073,10,20,16,99
2074, 1,17,17,99
2074, 2, 2, 0,99
2074, 3,17, 1,99
2074, 3,20, 2,99
2074, 3,23, 3, 4
2074, 4,17, 5,99
2074, 5, 1, 6,99
2074, 6,10, 7,99
2074, 7, 1, 8,99
2074, 7,19, 9,99
2074, 8,31,10,99
2074, 9,10,11,99
2074, 9,19,15,99
2074, 9,20,12,99
2074, 9,23,13,99
2074, 9,26,14,99
2074,10,20,16,99
2075, 1,17,17,99
2075, 2, 3, 0,99
2075, 3,17, 1,99
2075, 3,18, 4,99
2075, 3,20, 2,99
2075, 3,23, 3,99
2075, 4,17, 5,99
2075, 5, 2, 6,99
2075, 6,11, 7,99
2075, 7, 2, 8,99
2075, 7,19, 9,99
2075, 9, 1,10,99
2075, 9,11,11,99
2075, 9,20,12,99
2075, 9,23,13,99
2075, 9,24,15,99
2075, 9,26,14,99
2075,10,20,16,99
2076, 1,17,17,99
2076, 2, 3, 0,99
2076, 3,17, 1,99
2076, 3,20, 2,99
2076, 3,22, 4,99
2076, 3,23, 3,99
2076, 4,16, 5,99
2076, 5, 1, 6,99
2076, 6,10, 7,99
2076, 7, 1, 8,99
2076, 7,19, 9,99
2076, 8,31,10,99
2076, 9,10,11,99
2076, 9,18,15,99
2076, 9,19,12,99
2076, 9,22,13,99
2076, 9,25,14,99
2076,10,19,16,99
2077, 1,16,17,99
2077, 2, 2, 0,99
2077, 3,17, 1, 4
2077, 3,20, 2,99
2077, 3,23, 3,99
2077, 4,16, 5,99
2077, 5, 1, 6,99
2077, 6,10, 7,99
2077, 7, 1, 8,99
2077, 7,19, 9,99
2077, 8,31,10,99
2077, 9,10,11,99
2077, 9,19,12,99
2077, 9,22,13,99
2077, 9,23,15,99
2077, 9,25,14,99
2077,10,20,16,99
2078, 1,17,17,99
2078, 2, 2, 0,99
2078, 3,17, 1,99
2078, 3,20, 2,99
2078, 3,22, 4,99
2078, 3,23, 3,99
2078, 4,16, 5,99
2078, 5, 1, 6,99
2078, 6,10, 7,99
2078, 7, 1, 8,99
2078, 7,19, 9,99
2078, 8,31,10,99
2078, 9,10,11,99
2078, 9,18,15,99
2078, 9,19,12,99
2078, 9,22,13,99
2078, 9,25,14,99
2078,10,20,16,99
2079, 1,17,17,99
2079, 2, 3, 0,99
2079, 3,17, 1, 4
2079, 3,20, 2,99
2079, 3,23, 3,99
2079, 4,17, 5,99
2079, 5, 2, 6,99
2079, 6,11, 7,99
2079, 7, 2, 8,99
2079, 7,19, 9,99
2079, 9, 1,10,99
2079, 9,11,11,99
2079, 9,20,12,99
2079, 9,23,13,15
2079, 9,26,14,99
2079,10,20,16,99
2080, 1,17,17,99
2080, 2, 3, 0,99
2080, 3,17, 1,99
2080, 3,20, 2,99
2080, 3,21, 4,99
2080, 3,23, 3,99
2080, 4,16, 5,99
2080, 5, 1, 6,99
2080, 6,10, 7,99
2080, 7, 1, 8,99
2080, 7,19, 9,99
2080, 8,31,10,99
2080, 9,10,11,99
2080, 9,17,15,99
2080, 9,19,12,99
2080, 9,22,13,99
2080, 9,25,14,99
2080,10,19,16,99
2081, 1,16,17,99
2081, 2, 2, 0,99
2081, 3,16, 4,99
2081, 3,17, 1,99
2081, 3,20, 2,99
2081, 3,23, 3,99
2081, 4,16, 5,99
2081, 5, 1, 6,99
2081, 6,10, 7,99
2081, 7, 1, 8,99
2081, 7,19, 9,99
2081, 8,31,10,99
2081, 9,10,11,99
2081, 9,19,12,99
2081, 9,22,13,15
2081, 9,25,14,99
2081,10,20,16,99
2082, 1,17,17,99
2082, 2, 2, 0,99
2082, 3,17, 1,99
2082, 3,20, 2,99
2082, 3,21, 4,99
2082, 3,23, 3,99
2082, 4,16, 5,99
2082, 5, 1, 6,99
2082, 6,10, 7,99
2082, 7, 1, 8,99
2082, 7,19, 9,99
2082, 8,31,10,99
2082, 9,10,11,99
2082, 9,19,12,99
2082, 9,22,13,99
2082, 9,25,14,99
2082, 9,27,15,99
2082,10,20,16,99
2083, 1,17,17,99
2083, 2, 3, 0,99
2083, 3,16, 4,99
2083, 3,17, 1,99
2083, 3,20, 2,99
2083, 3,23, 3,99
2083, 4,17, 5,99
2083, 5, 2, 6,99
2083, 6,11, 7,99
2083, 7, 1, 8,99
2083, 7,19, 9,99
2083, 9, 1,10,99
2083, 9,11,11,99
2083, 9,20,12,99
2083, 9,22,15,99
2083, 9,23,13,99
2083, 9,26,14,99
2083,10,20,16,99
2084, 1,17,17,99
2084, 2, 3, 0,99
2084, 3,17, 1,99
2084, 3,20, 2, 4
2084, 3,23, 3,99
2084, 4,16, 5,99
2084, 5, 1, 6,99
2084, 6,10, 7,99
2084, 7, 1, 8,99
2084, 7,19, 9,99
2084, 8,31,10,99
2084, 9,10,11,99
2084, 9,19,12,99
2084, 9,22,13,99
2084, 9,25,14,99
2084, 9,26,15,99
2084,10,19,16,99
2085, 1,16,17,99
2085, 2, 2, 0,99
2085, 3,15, 4,99
2085, 3,17, 1,99
2085, 3,20, 2,99
2085, 3,23, 3,99
2085, 4,16, 5,99
2085, 5, 1, 6,99
2085, 6,10, 7,99
2085, 7, 1, 8,99
2085, 7,19, 9,99
2085, 8,31,10,99
2085, 9,10,11,99
2085, 9,19,12,99
2085, 9,21,15,99
2085, 9,22,13,99
2085, 9,25,14,99
2085,10,20,16,99
2086, 1,17,17,99
2086, 2, 2, 0,99
2086, 3,17, 1,99
2086, 3,20, 2, 4
2086, 3,23, 3,99
2086, 4,16, 5,99
2086, 5, 1, 6,99
2086, 6,10, 7,99
2086, 7, 1, 8,99
2086, 7,19, 9,99
2086, 8,31,10,99
2086, 9,10,11,99
2086, 9,19,12,99
2086, 9,22,13,99
2086, 9,25,14,99
2086, 9,26,15,99
2086,10,20,16,99
2087, 1,17,17,99
2087, 2, 3, 0,99
2087, 3,17, 1,99
2087, 3,20, 2,99
2087, 3,23, 3,99
2087, 3,25, 4,99
2087, 4,17, 5,99
2087, 5, 2, 6,99
2087, 6,10, 7,99
2087, 7, 1, 8,99
2087, 7,19, 9,99
2087, 9, 1,10,99
2087, 9,11,11,99
2087, 9,20,12,99
2087, 9,21,15,99
2087, 9,23,13,99
2087, 9,26,14,99
2087,10,20,16,99
2088, 1,17,17,99
2088, 2, 3, 0,99
2088, 3,17, 1,99
2088, 3,19, 4,99
2088, 3,20, 2,99
2088, 3,23, 3,99
2088, 4,16, 5,99
2088, 5, 1, 6,99
2088, 6,10, 7,99
2088, 7, 1, 8,99
2088, 7,19, 9,99
2088, 8,31,10,99
2088, 9,10,11,99
2088, 9,19,12,99
2088, 9,22,13,99
2088, 9,25,14,15
2088,10,19,16,99
2089, 1,16,17,99
2089, 2, 2, 0,99
2089, 3,17, 1,99
2089, 3,20, 2,99
2089, 3,23, 3,99
2089, 3,24, 4,99
2089, 4,16, 5,99
2089, 5, 1, 6,99
2089, 6,10, 7,99
2089, 7, 1, 8,99
2089, 7,19, 9,99
2089, 8,31,10,99
2089, 9,10,11,99
2089, 9,19,12,99
2089, 9,20,15,99
2089, 9,22,13,99
2089, 9,25,14,99
2089,10,20,16,99
2090, 1,17,17,99
2090, 2, 2, 0,99
2090, 3,17, 1,99
2090, 3,19, 4,99
2090, 3,20, 2,99
2090, 3,23, 3,99
2090, 4,16, 5,99
2090, 5, 1, 6,99
2090, 6,10, 7,99
2090, 7, 1, 8,99
2090, 7,19, 9,99
2090, 8,31,10,99
2090, 9,10,11,99
2090, 9,19,12,99
2090, 9,22,13,99
2090, 9,25,14,15
2090,10,20,16,99
2091, 1,17,17,99
2091, 2, 2, 0,99
2091, 3,17, 1,99
2091, 3,20, 2,99
2091, 3,23, 3,99
2091, 3,24, 4,99
2091, 4,17, 5,99
2091, 5, 1, 6,99
2091, 6,10, 7,99
2091, 7, 1, 8,99
2091, 7,19, 9,99
2091, 8,31,10,99
2091, 9,10,11,99
2091, 9,20,12,15
2091, 9,23,13,99
2091, 9,26,14,99
2091,10,20,16,99
2092, 1,17,17,99
2092, 2, 3, 0,99
2092, 3,16, 1,99
2092, 3,18, 4,99
2092, 3,19, 2,99
2092, 3,22, 3,99
2092, 4,16, 5,99
2092, 5, 1, 6,99
2092, 6,10, 7,99
2092, 7, 1, 8,99
2092, 7,18, 9,99
2092, 8,31,10,99
2092, 9,10,11,99
2092, 9,19,12,99
2092, 9,22,13,99
2092, 9,24,15,99
2092, 9,25,14,99
2092,10,19,16,99
2093, 1,16,17,99
2093, 2, 2, 0,99
2093, 3,17, 1,99
2093, 3,20, 2,99
2093, 3,23, 3, 4
2093, 4,16, 5,99
2093, 5, 1, 6,99
2093, 6,10, 7,99
2093, 7, 1, 8,99
2093, 7,19, 9,99
2093, 8,31,10,99
2093, 9,10,11,99
2093, 9,19,12,15
2093, 9,22,13,99
2093, 9,25,14,99
2093,10,20,16,99
2094, 2, 2, 0,99
2094, 3,17, 1,99
2094, 3,18, 4,99
2094, 3,20, 2,99
2094, 3,23, 3,99
2094, 4,16, 5,99
2094, 5, 1, 6,99
2094, 6,10, 7,99
2094, 7, 1, 8,99
2094, 7,19, 9,99
2094, 8,31,10,99
2094, 9,10,11,99
2094, 9,19,12,99
2094, 9,22,13,99
2094, 9,24,15,99
2094, 9,25,14,99
2094,10,20,16,99
2095, 1,17,17,99
2095, 2, 2, 0,99
2095, 3,17, 1,99
2095, 3,20, 2,99
2095, 3,23, 3, 4
2095, 4,17, 5,99
2095, 5, 1, 6,99
2095, 6,10, 7,99
2095, 7, 1, 8,99
2095, 7,19, 9,99
2095, 8,31,10,99
2095, 9,10,11,99
2095, 9,19,15,99
2095, 9,20,12,99
2095, 9,23,13,99
2095, 9,26,14,99
2095,10,20,16,99
2096, 1,17,17,99
2096, 2, 3, 0,99
2096, 3,16, 1,99
2096, 3,17, 4,99
2096, 3,19, 2,99
2096, 3,22, 3,99
2096, 4,16, 5,99
2096, 5, 1, 6,99
2096, 6,10, 7,99
2096, 7, 1, 8,99
2096, 7,18, 9,99
2096, 8,31,10,99
2096, 9,10,11,99
2096, 9,19,12,99
2096, 9,22,13,99
2096, 9,23,15,99
2096, 9,25,14,99
2096,10,19,16,99
2097, 1,16,17,99
2097, 2, 2, 0,99
2097, 3,17, 1,99
2097, 3,20, 2,99
2097, 3,22, 4,99
2097, 3,23, 3,99
2097, 4,16, 5,99
2097, 5, 1, 6,99
2097, 6,10, 7,99
2097, 7, 1, 8,99
2097, 7,19, 9,99
2097, 8,31,10,99
2097, 9,10,11,99
2097, 9,18,15,99
2097, 9,19,12,99
2097, 9,22,13,99
2097, 9,25,14,99
2097,10,19,16,99
2098, 1,16,17,99
2098, 2, 2, 0,99
2098, 3,17, 1, 4
2098, 3,20, 2,99
2098, 3,23, 3,99
2098, 4,16, 5,99
2098, 5, 1, 6,99
2098, 6,10, 7,99
2098, 7, 1, 8,99
2098, 7,19, 9,99
2098, 8,31,10,99
2098, 9,10,11,99
2098, 9,19,12,99
2098, 9,22,13,99
2098, 9,23,15,99
2098, 9,25,14,99
2098,10,20,16,99
2099, 1,17,17,99
2099, 2, 2, 0,99
2099, 3,17, 1,99
2099, 3,20, 2,99
2099, 3,22, 4,99
2099, 3,23, 3,99
2099, 4,17, 5,99
2099, 5, 1, 6,99
2099, 6,10, 7,99
2099, 7, 1, 8,99
2099, 7,19, 9,99
2099, 8,31,10,99
2099, 9,10,11,99
2099, 9,18,15,99
2099, 9,20,12,99
2099, 9,23,13,99
2099, 9,26,14,99
2099,10,20,16,99
